Title,Product Price,Original Price,Club Price,URL
Babyhug Pro Bubble Care Premium Pant Style Diaper Medium (M) Size - 54 Pieces - New & Improved Superior Fit,620.78,1395,599.85,"https://www.firstcry.com/baby-diapers/1/27?scat=27@,@~9~10,@,@,@,@@@B@@1@0@20@@@@@&sort=Popularity&ref2=chklst_nb"
MamyPoko Extra Absorb Pant Style Diaper Medium Size- 148 Pieces,1435.95,2599,1383.97,"https://www.firstcry.com/baby-diapers/1/27?scat=27@,@~9~10,@,@,@,@@@B@@1@0@20@@@@@&sort=Popularity&ref2=chklst_nb"
MamyPoko Extra Absorb Pants Style Diapers Medium- 74 Pieces,809.18,1399,781.2,"https://www.firstcry.com/baby-diapers/1/27?scat=27@,@~9~10,@,@,@,@@@B@@1@0@20@@@@@&sort=Popularity&ref2=chklst_nb"
"Babyhug Advanced Pant Style Diapers Medium (M) Size - 76 Pieces, Honeycomb Technology, Cottony Soft Diaper with 3D Leak Guard, Latex & Alcohol Free, Anti-rash & Gentle",604.03,1299,584.55,"https://www.firstcry.com/baby-diapers/1/27?scat=27@,@~9~10,@,@,@,@@@B@@1@0@20@@@@@&sort=Popularity&ref2=chklst_nb"
"Huggies Complete Comfort Wonder Pants, India's Fastest Absorbing Diaper | M Size, 152 Diapers",1200.77,2799,1144.79,"https://www.firstcry.com/baby-diapers/1/27?scat=27@,@~9~10,@,@,@,@@@B@@1@0@20@@@@@&sort=Popularity&ref2=chklst_nb"
Babyhug Pro Bubble Care Premium Pant Style Diaper Small (S) Size - 70 Pieces - New & Improved Superior Fit,648.68,1395,627.75,"https://www.firstcry.com/baby-diapers/1/27?scat=27@,@~9~10,@,@,@,@@@B@@1@0@20@@@@@&sort=Popularity&ref2=chklst_nb"
"Pampers Premium Care Pants, Medium size baby diapers (M), 108 Count, Softest ever Pampers pants",1561.36,2998,1501.4,"https://www.firstcry.com/baby-diapers/1/27?scat=27@,@~9~10,@,@,@,@@@B@@1@0@20@@@@@&sort=Popularity&ref2=chklst_nb"
Huggies Complete Comfort Wonder Pants India's Fastest Absorbing Diaper Medium Size -  228 Diapers,1737.61,3099,1675.63,"https://www.firstcry.com/baby-diapers/1/27?scat=27@,@~9~10,@,@,@,@@@B@@1@0@20@@@@@&sort=Popularity&ref2=chklst_nb"
MamyPoko Pants All Night Absorb Small - 90 pieces,535.08,899,517.1,"https://www.firstcry.com/baby-diapers/1/27?scat=27@,@~9~10,@,@,@,@@@B@@1@0@20@@@@@&sort=Popularity&ref2=chklst_nb"
"Pampers Premium Care Pants, Medium size baby diapers (M), 54 Count, Softest ever Pampers pants",806.61,1499,776.63,"https://www.firstcry.com/baby-diapers/1/27?scat=27@,@~9~10,@,@,@,@@@B@@1@0@20@@@@@&sort=Popularity&ref2=chklst_nb"
MamyPoko Pants All Night Absorb Medium - 72 pieces,535.08,899,517.1,"https://www.firstcry.com/baby-diapers/1/27?scat=27@,@~9~10,@,@,@,@@@B@@1@0@20@@@@@&sort=Popularity&ref2=chklst_nb"
Babyhug Pro Bubble Care Premium Tape Style Diaper (S) Small - 84 Pieces - New & Improved Superior Fit,967.39,1599,943.41,"https://www.firstcry.com/baby-diapers/1/27?scat=27@,@~9~10,@,@,@,@@@B@@1@0@20@@@@@&sort=Popularity&ref2=chklst_nb"
"Huggies Complete Comfort Wonder Pants, India's Fastest Absorbing Diaper | M Size, 100 Diapers",799.25,1698,765.29,"https://www.firstcry.com/baby-diapers/1/27?scat=27@,@~9~10,@,@,@,@@@B@@1@0@20@@@@@&sort=Popularity&ref2=chklst_nb"
"Babyhug Advanced Pant Style Diapers Small (S) Size - 84 Pieces, Honeycomb Technology, Cottony Soft Diaper with 3D Leak Guard, Latex & Alcohol Free, Anti-rash & Gentle",596.24,1299,576.76,"https://www.firstcry.com/baby-diapers/1/27?scat=27@,@~9~10,@,@,@,@@@B@@1@0@20@@@@@&sort=Popularity&ref2=chklst_nb"
"Pampers Active Baby Taped Diapers, Medium size diapers, (M) 90 count, taped style custom fit",1276.92,1849,1239.94,"https://www.firstcry.com/baby-diapers/1/27?scat=27@,@~9~10,@,@,@,@@@B@@1@0@20@@@@@&sort=Popularity&ref2=chklst_nb"
"Pampers All Round Protection Pant Style Baby Diapers, Medium (M), 76 Count, 7-12kg, Anti-rash blanket, 360 degree Lotion with Aloe Vera",775.5,1449,746.52,"https://www.firstcry.com/baby-diapers/1/27?scat=27@,@~9~10,@,@,@,@@@B@@1@0@20@@@@@&sort=Popularity&ref2=chklst_nb"
"Huggies Complete Comfort Wonder Pants, India's Fastest Absorbing Diaper | S Size, 86 Diapers",571.91,1399,543.93,"https://www.firstcry.com/baby-diapers/1/27?scat=27@,@~9~10,@,@,@,@@@B@@1@0@20@@@@@&sort=Popularity&ref2=chklst_nb"
"Pampers Active Baby Taped Diapers, Small size diapers, (S) 92 count, taped style custom fit",1190.66,1699,1156.68,"https://www.firstcry.com/baby-diapers/1/27?scat=27@,@~9~10,@,@,@,@@@B@@1@0@20@@@@@&sort=Popularity&ref2=chklst_nb"
MamyPoko Pants All Night Absorb Small - 60 pieces,371.68,599,359.7,"https://www.firstcry.com/baby-diapers/1/27?scat=27@,@~9~10,@,@,@,@@@B@@1@0@20@@@@@&sort=Popularity&ref2=chklst_nb"
"Pampers Premium Care Pants, Small size baby diapers (S), 70 Count, Softest ever Pampers pants",727.01,1499,697.03,"https://www.firstcry.com/baby-diapers/1/27?scat=27@,@~9~10,@,@,@,@@@B@@1@0@20@@@@@&sort=Popularity&ref2=chklst_nb"
Babyhug 7 in 1 Electric Nail Clipper - Pink,523.9,845,507.0,"https://www.firstcry.com/grooming/3/8?scat=8@~190~193~3466,@,@,@,@,@@@B@@1@0@20@@@@@&sort=Popularity&ser=nail%20clipper&ref2=chklst_nb"
Syga Grooming Kit With Thermometer Pack of 10 - Blue,349.01,1450,320.01,"https://www.firstcry.com/grooming/3/8?scat=8@~190~193~3466,@,@,@,@,@@@B@@1@0@20@@@@@&sort=Popularity&ser=nail%20clipper&ref2=chklst_nb"
Baby Electric Nail Trimmer with 6 attachment and LED Light - Blue,572.4,795,556.5,"https://www.firstcry.com/grooming/3/8?scat=8@~190~193~3466,@,@,@,@,@@@B@@1@0@20@@@@@&sort=Popularity&ser=nail%20clipper&ref2=chklst_nb"
Babyhug 7 in 1 Electric Nail Clipper - Blue,523.9,845,507.0,"https://www.firstcry.com/grooming/3/8?scat=8@~190~193~3466,@,@,@,@,@@@B@@1@0@20@@@@@&sort=Popularity&ser=nail%20clipper&ref2=chklst_nb"
Baby Electric Safe Nail Clipper Trimmer Set - Color May Vary,269.0,1000,249.0,"https://www.firstcry.com/grooming/3/8?scat=8@~190~193~3466,@,@,@,@,@@@B@@1@0@20@@@@@&sort=Popularity&ser=nail%20clipper&ref2=chklst_nb"
Baby Electric nail trimmer with 6 attachment and LED Light - Pink,572.4,795,556.5,"https://www.firstcry.com/grooming/3/8?scat=8@~190~193~3466,@,@,@,@,@@@B@@1@0@20@@@@@&sort=Popularity&ser=nail%20clipper&ref2=chklst_nb"
"LuvLap 7-in-1 Baby Grooming Kit, Portable Newborn Grooming Essentials, Includes Finger Brush, Nail Scissors, Comb, Tweezer, and More, White",399.02,489,399.02,"https://www.firstcry.com/grooming/3/8?scat=8@~190~193~3466,@,@,@,@,@@@B@@1@0@20@@@@@&sort=Popularity&ser=nail%20clipper&ref2=chklst_nb"
Baby Care Grooming Kit 10 Pieces - Blue,572.4,795,556.5,"https://www.firstcry.com/grooming/3/8?scat=8@~190~193~3466,@,@,@,@,@@@B@@1@0@20@@@@@&sort=Popularity&ser=nail%20clipper&ref2=chklst_nb"
Dino Shaped 4 Piece Grooming Kit - Yellow,263.5,425,255.0,"https://www.firstcry.com/grooming/3/8?scat=8@~190~193~3466,@,@,@,@,@@@B@@1@0@20@@@@@&sort=Popularity&ser=nail%20clipper&ref2=chklst_nb"
Baby Care Grooming Kit 10 Pieces - Pink,731.4,795,715.5,"https://www.firstcry.com/grooming/3/8?scat=8@~190~193~3466,@,@,@,@,@@@B@@1@0@20@@@@@&sort=Popularity&ser=nail%20clipper&ref2=chklst_nb"
Babyhug Nail Clipper with Magnifier - Purple,143.5,175,140.0,"https://www.firstcry.com/grooming/3/8?scat=8@~190~193~3466,@,@,@,@,@@@B@@1@0@20@@@@@&sort=Popularity&ser=nail%20clipper&ref2=chklst_nb"
Syga Grooming Kit With Thermometer Pack of 10 - Pink,455.44,1450,426.44,"https://www.firstcry.com/grooming/3/8?scat=8@~190~193~3466,@,@,@,@,@@@B@@1@0@20@@@@@&sort=Popularity&ser=nail%20clipper&ref2=chklst_nb"
Unicorn Design Grooming Kit - Pink,356.4,495,346.5,"https://www.firstcry.com/grooming/3/8?scat=8@~190~193~3466,@,@,@,@,@@@B@@1@0@20@@@@@&sort=Popularity&ser=nail%20clipper&ref2=chklst_nb"
Mee Mee Nail Clipper - Green,179.0,199,179.0,"https://www.firstcry.com/grooming/3/8?scat=8@~190~193~3466,@,@,@,@,@@@B@@1@0@20@@@@@&sort=Popularity&ser=nail%20clipper&ref2=chklst_nb"
Unicorn Design Grooming Kit - Blue,306.9,495,297.0,"https://www.firstcry.com/grooming/3/8?scat=8@~190~193~3466,@,@,@,@,@@@B@@1@0@20@@@@@&sort=Popularity&ser=nail%20clipper&ref2=chklst_nb"
Babyhug Grooming Kit Blue - 7 Pieces,536.4,745,521.5,"https://www.firstcry.com/grooming/3/8?scat=8@~190~193~3466,@,@,@,@,@@@B@@1@0@20@@@@@&sort=Popularity&ser=nail%20clipper&ref2=chklst_nb"
Babyhug Nail Care Set - Pack of 4,271.4,295,265.5,"https://www.firstcry.com/grooming/3/8?scat=8@~190~193~3466,@,@,@,@,@@@B@@1@0@20@@@@@&sort=Popularity&ser=nail%20clipper&ref2=chklst_nb"
Syga Scissors & Nail Clipper Set - Blue,119.0,250,114.0,"https://www.firstcry.com/grooming/3/8?scat=8@~190~193~3466,@,@,@,@,@@@B@@1@0@20@@@@@&sort=Popularity&ser=nail%20clipper&ref2=chklst_nb"
Dino Shaped 4 Piece Grooming Kit - Orange,306.0,425,297.5,"https://www.firstcry.com/grooming/3/8?scat=8@~190~193~3466,@,@,@,@,@@@B@@1@0@20@@@@@&sort=Popularity&ser=nail%20clipper&ref2=chklst_nb"
Pine Kids Cotton Knit Half Sleeves T-Shirts with Text Print Pack of 5 - Multicolor,839.16,999,819.18,https://www.firstcry.com/kids-clothing-dresses
Babyhug Cotton Knit Sleeveless Tank T-Shirts With Stripes & Tropical Print Pack Of 3 - Limegreen & Light Blue,631.21,799,615.23,https://www.firstcry.com/kids-clothing-dresses
Babyhug Cotton Knit Half Sleeves T-Shirts with Polka Dots & Bow Print Pack of 3 - Red Navy Blue & White,631.21,799,615.23,https://www.firstcry.com/kids-clothing-dresses
Bonfino 100% Cotton Knit Half Sleeves Co-ords Night Suit with Animal Print - White,631.21,799,615.23,https://www.firstcry.com/kids-clothing-dresses
Babyhug Water Repellant Full Sleeves Legged Swimsuit Space Theme - Navy Blue,782.13,899,764.15,https://www.firstcry.com/kids-clothing-dresses
Babyhug Cotton Knit Polo T-Shirt with Patch Detailing - Red,339.15,399,331.17,https://www.firstcry.com/kids-clothing-dresses
Olio Kids Knit Above Knee Length Solid Denim Shorts - Blue,434.13,499,424.15,https://www.firstcry.com/kids-clothing-dresses
Babyhug Disney Single Jersey Knit Sleeveless Vests With Mickey Mouse & Family Graphics Pack Of 3 - Light Blue Blue & Light Green,545.22,699,531.24,https://www.firstcry.com/kids-clothing-dresses
Pine Kids Cotton Woven Full Sleeves Kurta & Pyjama With Bandhani Print - Orange,755.16,899,737.18,https://www.firstcry.com/kids-clothing-dresses
Babyhug Water Repellant Full Sleeves Legged Swimsuit Leaves Print - Navy Blue,764.15,899,764.15,https://www.firstcry.com/kids-clothing-dresses
Cute Walk by Babyhug Slip On Ballerina with Pearl Detailing - Beige,911.66,1154,888.58,https://www.firstcry.com/kids-clothing-dresses
Simply Cotton Sinker Trunks Robot Print Pack Of 7 - Yellow Red & Navy Blue,595.0,700,581.0,https://www.firstcry.com/kids-clothing-dresses
Trampoline Cotton Blend Pack Of 3 Sleeveless Space Theme Printed & Striped Tees - White & Blue,593.67,1799,593.67,https://www.firstcry.com/kids-clothing-dresses
Babyhug Cotton Knit Half Sleeves T-Shirt With Stripes & Beach Theme Print  Pack Of 3 - Limegreen & Navy Blue,631.21,799,615.23,https://www.firstcry.com/kids-clothing-dresses
OLLINGTON ST. Cotton Half Sleeves Printed Shirt & Knit Shorts with Tropical Print - Brown,779.22,999,759.24,https://www.firstcry.com/kids-clothing-dresses
UCB Cotton Knit Half Sleeves Solid Color Polo T-Shirt - Black,839.16,999,819.18,https://www.firstcry.com/kids-clothing-dresses
Pine Kids Woven Above Knee Length Denim Shorts - Dark Blue,587.16,699,573.18,https://www.firstcry.com/kids-clothing-dresses
Pine Kids Cotton Woven Half Sleeves Checkered Shirt With T-Shirt - Navy Blue,779.22,999,759.24,https://www.firstcry.com/kids-clothing-dresses
MoMaa Full Sleeves Checked Sequin Embellished Kurta & Pyjama Set - Wine Purple,759.62,1999,759.62,https://www.firstcry.com/kids-clothing-dresses
Olio Kids Knit Above Knee Length Solid Denim Shorts - Light Blue,425.43,489,415.65,https://www.firstcry.com/kids-clothing-dresses
Babyhug Liquid Laundry Detergent Refill Pack - 1500 ml,398.75,725,384.25,https://www.firstcry.com/cleansers-and-detergents/4/78?ref2=chklst_nb
Mother Sparsh Baby Plant Powered Baby Laundry Liquid Detergent Pack of 2 - 2.2 L Each,889.7,2170,846.3,https://www.firstcry.com/cleansers-and-detergents/4/78?ref2=chklst_nb
"Babyhug Feeding Bottles, Accessories & Vegetables Disinfectant Liquid Cleanser - 1000 ml",217.25,395,209.35,https://www.firstcry.com/cleansers-and-detergents/4/78?ref2=chklst_nb
Himalaya Germ Free Baby Laundry Wash Pouch - 1 Litre,284.75,425,276.25,https://www.firstcry.com/cleansers-and-detergents/4/78?ref2=chklst_nb
Pigeon Liquid Cleanser Refill - 500 ml,284.25,379,276.67,https://www.firstcry.com/cleansers-and-detergents/4/78?ref2=chklst_nb
Mother Sparsh Baby Plant Powered Laundry Liquid Detergent - 1000 ml,350.46,649,337.48,https://www.firstcry.com/cleansers-and-detergents/4/78?ref2=chklst_nb
Himalaya Germ Free Baby Laundry Wash Bottle - 1 Litre,321.75,495,311.85,https://www.firstcry.com/cleansers-and-detergents/4/78?ref2=chklst_nb
Babyhug Plant Based Disinfectant Liquid Laundry Detergent - 1000 ml,272.25,495,262.35,https://www.firstcry.com/cleansers-and-detergents/4/78?ref2=chklst_nb
Mother Sparsh Baby Natural Baby Liquid Cleanser - 500 ml,255.93,449,246.95,https://www.firstcry.com/cleansers-and-detergents/4/78?ref2=chklst_nb
Chicco Laundry Detergent Delicate Flowers - 1000 ml,449.25,599,437.27,https://www.firstcry.com/cleansers-and-detergents/4/78?ref2=chklst_nb
Pigeon Baby Laundry Detergent Powder - 1 Kg,524.25,699,510.27,https://www.firstcry.com/cleansers-and-detergents/4/78?ref2=chklst_nb
Mother Sparsh Baby Natural Baby Liquid Cleanser Refill Pack - 1 Litre,384.45,699,370.47,https://www.firstcry.com/cleansers-and-detergents/4/78?ref2=chklst_nb
"Babyhug Feeding Bottles, Accessories & Vegetables Disinfectant Liquid Cleanser - 550 ml",164.15,245,159.25,https://www.firstcry.com/cleansers-and-detergents/4/78?ref2=chklst_nb
Mee Mee Baby Laundry Detergent - 1.5 Liters ,512.0,649,499.02,https://www.firstcry.com/cleansers-and-detergents/4/78?ref2=chklst_nb
"LuvLap Baby Laundry Detergent Refill Pack, 1000ml, pH Balanced, Dermatologically Tested, Safe for Baby Skin, Anti-Bacterial, Aloe Vera Enriched, Clear",228.44,425,228.44,https://www.firstcry.com/cleansers-and-detergents/4/78?ref2=chklst_nb
Babyhug Feeding Bottle Accessories & Vegetables Liquid Cleanser Refill Pack - 1200 ml,270.75,475,261.25,https://www.firstcry.com/cleansers-and-detergents/4/78?ref2=chklst_nb
Mother Sparsh Plant Powered Baby Laundry Liquid Detergent - 2.2 L,694.4,1085,672.7,https://www.firstcry.com/cleansers-and-detergents/4/78?ref2=chklst_nb
Babyhug Plant Based Disinfectant Liquid Laundry Detergent - 550 ml,177.0,295,171.1,https://www.firstcry.com/cleansers-and-detergents/4/78?ref2=chklst_nb
Babyhug Feeding Bottle Accessories & Vegetables Liquid Cleanser Refill Pack - 500 ml,163.2,255,158.1,https://www.firstcry.com/cleansers-and-detergents/4/78?ref2=chklst_nb
Mee Mee Baby Accessories And Vegetable Liquid All Purpose Cleanser - 500 ml,243.99,349,243.99,https://www.firstcry.com/cleansers-and-detergents/4/78?ref2=chklst_nb
KidDough Baby Proofing Safety Kit 2 mtr Safety Strip 4 Pre-Taped Corner Guards for Sharp Edges 5 Electric Socket Guards 5 Safety Locks for Cabinets Almirahs Drawer - Brown,559.06,799,543.08,https://www.firstcry.com/childproofing-and-safety/4/89?scat=89@~235~7559@@@@@@@@@1@0@20@@@@@@@@@@&sort=Popularity&ref2=chklst_nb
KidDough Electrical Protector Socket Plug Cover - 10 Pieces ,165.01,450,156.01,https://www.firstcry.com/childproofing-and-safety/4/89?scat=89@~235~7559@@@@@@@@@1@0@20@@@@@@@@@@&sort=Popularity&ref2=chklst_nb
Baby Plug Baby Safety Electrical Socket Plug Cover Guard,99.99,299,94.01,https://www.firstcry.com/childproofing-and-safety/4/89?scat=89@~235~7559@@@@@@@@@1@0@20@@@@@@@@@@&sort=Popularity&ref2=chklst_nb
Syga Indian Plug Non Inflammable Electrical Socket Cover Cream - Pack of 8,108.99,160,105.79,https://www.firstcry.com/childproofing-and-safety/4/89?scat=89@~235~7559@@@@@@@@@1@0@20@@@@@@@@@@&sort=Popularity&ref2=chklst_nb
Syga Indian Plug Non Inflammable Electrical Socket Cover Cream - Pack of 16,159.0,300,153.0,https://www.firstcry.com/childproofing-and-safety/4/89?scat=89@~235~7559@@@@@@@@@1@0@20@@@@@@@@@@&sort=Popularity&ref2=chklst_nb
KidDough Baby Proofing Child Safety Kit With 2 Finger Pinch Door Hinge Guards 5 Safety Locks for Cabinets Almirahs 2 C Shape Door Stopper 6 Electric Socket Guards - Multicolour,634.06,899,616.08,https://www.firstcry.com/childproofing-and-safety/4/89?scat=89@~235~7559@@@@@@@@@1@0@20@@@@@@@@@@&sort=Popularity&ref2=chklst_nb
Babyhug 2 Pin Plug Protector Set Of 6 With Locking Key - White ,94.05,165,90.75,https://www.firstcry.com/childproofing-and-safety/4/89?scat=89@~235~7559@@@@@@@@@1@0@20@@@@@@@@@@&sort=Popularity&ref2=chklst_nb
KidDough Baby Proofing Safety Kit 5 meters Safety Strip 4 Pre-Taped Corner Guards for Sharp Edges and Corners 5 Safety Locks for Cabinets Almirahs 3 Electric Sockets Guards 2 Random Door Stoppers - Brown,811.06,1099,789.08,https://www.firstcry.com/childproofing-and-safety/4/89?scat=89@~235~7559@@@@@@@@@1@0@20@@@@@@@@@@&sort=Popularity&ref2=chklst_nb
BabySafeHouse Electrical Socket Cover Guards Pack of 20 - White,382.72,799,382.72,https://www.firstcry.com/childproofing-and-safety/4/89?scat=89@~235~7559@@@@@@@@@1@0@20@@@@@@@@@@&sort=Popularity&ref2=chklst_nb
Baby Plug Baby Safety Electrical Socket Plug Cover Guard pack of -10,140.01,399,132.03,https://www.firstcry.com/childproofing-and-safety/4/89?scat=89@~235~7559@@@@@@@@@1@0@20@@@@@@@@@@&sort=Popularity&ref2=chklst_nb
Adore Baby Safety Child Proofing Electrical Socket Cover Set- Pack of 12- Grey,157.5,350,150.5,https://www.firstcry.com/childproofing-and-safety/4/89?scat=89@~235~7559@@@@@@@@@1@0@20@@@@@@@@@@&sort=Popularity&ref2=chklst_nb
Adore Basics Electric Socket Cover Pack of 12 - White,122.15,349,115.17,https://www.firstcry.com/childproofing-and-safety/4/89?scat=89@~235~7559@@@@@@@@@1@0@20@@@@@@@@@@&sort=Popularity&ref2=chklst_nb
Lifelong Baby Safety & Protection Kit - White,503.62,1299,503.62,https://www.firstcry.com/childproofing-and-safety/4/89?scat=89@~235~7559@@@@@@@@@1@0@20@@@@@@@@@@&sort=Popularity&ref2=chklst_nb
Adore Electrical Socket Cover Pack of 5 - Beige,87.5,175,84.0,https://www.firstcry.com/childproofing-and-safety/4/89?scat=89@~235~7559@@@@@@@@@1@0@20@@@@@@@@@@&sort=Popularity&ref2=chklst_nb
KitschKitsch Child Proofing Safety Plug and Socket Cover Pack Of 6 - White,250.0,1200,245.0,https://www.firstcry.com/childproofing-and-safety/4/89?scat=89@~235~7559@@@@@@@@@1@0@20@@@@@@@@@@&sort=Popularity&ref2=chklst_nb
KitschKitsch Child Proofing Safety Plug and Socket Cover Pack Of 12 - White,299.0,529,293.02,https://www.firstcry.com/childproofing-and-safety/4/89?scat=89@~235~7559@@@@@@@@@1@0@20@@@@@@@@@@&sort=Popularity&ref2=chklst_nb
Zikku All-in-One Home Safety Kit for Kids( Light Shade Combo),540.0,399,516.0,https://www.firstcry.com/childproofing-and-safety/4/89?scat=89@~235~7559@@@@@@@@@1@0@20@@@@@@@@@@&sort=Popularity&ref2=chklst_nb
BabySafeHouse Electrical Socket Cover Guards White - Pack of 10,188.32,1299,188.32,https://www.firstcry.com/childproofing-and-safety/4/89?scat=89@~235~7559@@@@@@@@@1@0@20@@@@@@@@@@&sort=Popularity&ref2=chklst_nb
Babyhug Reusable Nappies Insert Pack of 3 - White,253.65,445,244.75,https://www.firstcry.com/cloth-diapers-nappies/1/30?scat=30@~34@@@@@@@@@1@0@20@@@@@@@@@@&sort=Popularity&ref2=chklst_nb
Babyhug Reusable Bamboo Nappies Insert Pack of 3 - White,399.9,645,387.0,https://www.firstcry.com/cloth-diapers-nappies/1/30?scat=30@~34@@@@@@@@@1@0@20@@@@@@@@@@&sort=Popularity&ref2=chklst_nb
Babyhug Muslin Cotton Cloth Nappy Insert Pack of 12 - Multicolor,393.6,615,381.3,https://www.firstcry.com/cloth-diapers-nappies/1/30?scat=30@~34@@@@@@@@@1@0@20@@@@@@@@@@&sort=Popularity&ref2=chklst_nb
Babyhug Muslin Cotton Cloth Nappy Insert  Pack Of 5 - Multicolor,184.6,260,176.8,https://www.firstcry.com/cloth-diapers-nappies/1/30?scat=30@~34@@@@@@@@@1@0@20@@@@@@@@@@&sort=Popularity&ref2=chklst_nb
SuperBottoms Dry Feel Pads Set for Freesize UNO (Pack of 1 DryFeel Pad + 1 Booster) - Made with 100% Organic Cotton,372.3,438,372.3,https://www.firstcry.com/cloth-diapers-nappies/1/30?scat=30@~34@@@@@@@@@1@0@20@@@@@@@@@@&sort=Popularity&ref2=chklst_nb
Babyhug Reusable SmartDry Organic Cotton Nappies Insert Pack of 3 - White,337.9,545,327.0,https://www.firstcry.com/cloth-diapers-nappies/1/30?scat=30@~34@@@@@@@@@1@0@20@@@@@@@@@@&sort=Popularity&ref2=chklst_nb
Babyhug Muslin Cotton Cloth Nappy Insert  Pack Of 5 - White,171.55,235,164.5,https://www.firstcry.com/cloth-diapers-nappies/1/30?scat=30@~34@@@@@@@@@1@0@20@@@@@@@@@@&sort=Popularity&ref2=chklst_nb
Babyhug-Baby Safety Pins - Multicolor,115.0,260,115.0,https://www.firstcry.com/cloth-diapers-nappies/1/30?scat=30@~34@@@@@@@@@1@0@20@@@@@@@@@@&sort=Popularity&ref2=chklst_nb
Babyhug  Muslin Cotton Cloth Nappy Insert  Pack Of 5 - Pink,158.6,199,150.8,https://www.firstcry.com/cloth-diapers-nappies/1/30?scat=30@~34@@@@@@@@@1@0@20@@@@@@@@@@&sort=Popularity&ref2=chklst_nb
SuperBottoms Dry Feel Pad for Freesize UNO (Pack of 1 DryFeel Pad only) - Made with 100% Organic Cotton,229.0,260,229.0,https://www.firstcry.com/cloth-diapers-nappies/1/30?scat=30@~34@@@@@@@@@1@0@20@@@@@@@@@@&sort=Popularity&ref2=chklst_nb
SuperBottoms Reusable Stay Dry Cloth Diaper Fleece Liners Pack of 3 - Multicolor,146.17,245,146.17,https://www.firstcry.com/cloth-diapers-nappies/1/30?scat=30@~34@@@@@@@@@1@0@20@@@@@@@@@@&sort=Popularity&ref2=chklst_nb
Babyhug  Muslin Cotton Cloth Nappy Insert  - Pack of 5 (Colour May Vary),150.8,260,143.0,https://www.firstcry.com/cloth-diapers-nappies/1/30?scat=30@~34@@@@@@@@@1@0@20@@@@@@@@@@&sort=Popularity&ref2=chklst_nb
Babyhug  Muslin Cotton Cloth Nappy Insert  Pack Of 5 - Peach,178.85,260,171.5,https://www.firstcry.com/cloth-diapers-nappies/1/30?scat=30@~34@@@@@@@@@1@0@20@@@@@@@@@@&sort=Popularity&ref2=chklst_nb
Babyhug  Muslin Cotton Cloth Nappy Insert  Pack Of 5 - Blue,187.2,478,179.4,https://www.firstcry.com/cloth-diapers-nappies/1/30?scat=30@~34@@@@@@@@@1@0@20@@@@@@@@@@&sort=Popularity&ref2=chklst_nb
SuperBottoms Very Heavy Wetter Booster Pad Cloth Diaper Insert Soaker with Hemp and Cotton - White,300.0,1000,300.0,https://www.firstcry.com/cloth-diapers-nappies/1/30?scat=30@~34@@@@@@@@@1@0@20@@@@@@@@@@&sort=Popularity&ref2=chklst_nb
Babyhug  Muslin Cotton Cloth Nappy Insert  Pack Of 5 - Lemon,189.8,598,182.0,https://www.firstcry.com/cloth-diapers-nappies/1/30?scat=30@~34@@@@@@@@@1@0@20@@@@@@@@@@&sort=Popularity&ref2=chklst_nb
SuperBottoms Dry Feel Magic Pad Cloth diaper soakers inserts for Freesize UNO Cloth Diaper Pack of 2 - White,449.32,750,449.32,https://www.firstcry.com/cloth-diapers-nappies/1/30?scat=30@~34@@@@@@@@@1@0@20@@@@@@@@@@&sort=Popularity&ref2=chklst_nb
Babyhug Silicone Medicine Feeder with pacifier Cap - White,62.4,195,58.5,https://www.firstcry.com/medical-care/4/74
Babyhug Indigestion and Colic Relief Easy Tummy Roll On - 40 ml,164.3,265,159.0,https://www.firstcry.com/medical-care/4/74
Accu-Chek Instant S Blood Glucose Meter | Glucometer Kit with FREE 10 Strips + 10 Lancets + 1 Lancing Device | For Accurate Blood Sugar Testing,875.0,479,875.0,https://www.firstcry.com/medical-care/4/74
Chicco Soft Cotton Square - 60 Pieces,368.83,295,359.25,https://www.firstcry.com/medical-care/4/74
Babyhug Premium Cotton Squares - 60 Pieces,271.4,261,265.5,https://www.firstcry.com/medical-care/4/74
Ozocheck Digital thermometer with Flexible Tip - Green,198.99,299,193.77,https://www.firstcry.com/medical-care/4/74
BabyOrgano Natural Cold Relief Roll On White - 40 ml,225.03,155,219.05,https://www.firstcry.com/medical-care/4/74
Babyhug Paper Stick Cotton Buds - 200 Pieces,111.6,295,108.5,https://www.firstcry.com/medical-care/4/74
Pigeon - Cotton Swabs,221.25,799,215.35,https://www.firstcry.com/medical-care/4/74
BabyOrgano BaalPrashan Swarnaprashan Immunity Booster Drops - 15 ml,477.0,3495,461.02,https://www.firstcry.com/medical-care/4/74
Babyhug 3 in 1 Infrared Non Contact Thermometer - Violet ,2166.9,395,2097.0,https://www.firstcry.com/medical-care/4/74
Accu-Chek Instant Blood Glucose Meter with Bluetooth Connectivity | Glucometer Kit with  FREE 10 Strips + 10 Lancets + 1 Lancing Device For Accurate Blood Sugar Testing,1549.0,215,1549.0,https://www.firstcry.com/medical-care/4/74
Babyhug Flexi Digital Thermometer - Yellow,284.4,395,276.5,https://www.firstcry.com/medical-care/4/74
Babyhug Nasal Aspirator & Ear Syringe - Blue,144.05,3000,139.75,https://www.firstcry.com/medical-care/4/74
Babyhug Flexi Digital Thermometer - Light Blue,284.4,1799,276.5,https://www.firstcry.com/medical-care/4/74
Zikku Portable Mesh Nebulizer for Kids & Adults,1758.0,2595,1698.0,https://www.firstcry.com/medical-care/4/74
Accu-Chek Guide Blood Glucose Meter with Bluetooth Connectivity | Glucometer Kit with FREE 10 Strips + 10 Lancets + 1 Lancing Device For Accurate Blood Sugar Testing,2249.0,379,2249.0,https://www.firstcry.com/medical-care/4/74
Babyhug Smart Dry Bed Protector Sheet Small - Sky Blue,120.96,189,117.18,"https://www.firstcry.com/diaper-changing-pads-mats/1/31?scat=31@~44~45,@,@,@,@,@@@B@@1@0@20@@@@@&sort=Popularity&ref2=chklst_nb"
"BeyBee Cotton Quickly Dry Sheet for Baby Large Size Double Bed, Double Bed Size- Dark Blue",1075.01,2299,1029.03,"https://www.firstcry.com/diaper-changing-pads-mats/1/31?scat=31@~44~45,@,@,@,@,@@@B@@1@0@20@@@@@&sort=Popularity&ref2=chklst_nb"
Quick Dry Baby Bed Protector Vibro Deer Print Sheet Medium - Blue,173.13,199,169.15,"https://www.firstcry.com/diaper-changing-pads-mats/1/31?scat=31@~44~45,@,@,@,@,@@@B@@1@0@20@@@@@&sort=Popularity&ref2=chklst_nb"
Babyhug Smart Dry Bed Protector Sheet Small - Lilac,120.96,189,117.18,"https://www.firstcry.com/diaper-changing-pads-mats/1/31?scat=31@~44~45,@,@,@,@,@@@B@@1@0@20@@@@@&sort=Popularity&ref2=chklst_nb"
Syga Waterproof Diaper Changing Mat And Mattress Protector Star Design Large - Blue,378.0,700,364.0,"https://www.firstcry.com/diaper-changing-pads-mats/1/31?scat=31@~44~45,@,@,@,@,@@@B@@1@0@20@@@@@&sort=Popularity&ref2=chklst_nb"
Babyhug Smart Dry Bed Protector Sheet Small - Maroon,120.96,189,117.18,"https://www.firstcry.com/diaper-changing-pads-mats/1/31?scat=31@~44~45,@,@,@,@,@@@B@@1@0@20@@@@@&sort=Popularity&ref2=chklst_nb"
Mattress Protector Water Proof Breathable Stretchable Fitted 84 x 78 Inch for Double Bed King Size with Elastic Strap Water Resistant Ultra Soft Hypoallergenic Bed Cover - Blue,890.4,2299,890.4,"https://www.firstcry.com/diaper-changing-pads-mats/1/31?scat=31@~44~45,@,@,@,@,@@@B@@1@0@20@@@@@&sort=Popularity&ref2=chklst_nb"
Babyhug Smart Dry Bed Protector Sheet Small - Plum,120.96,189,117.18,"https://www.firstcry.com/diaper-changing-pads-mats/1/31?scat=31@~44~45,@,@,@,@,@@@B@@1@0@20@@@@@&sort=Popularity&ref2=chklst_nb"
BeyBee Bed Protector for Double Bed King & Queen Size Double Bed Size- Sea Blue,1075.01,2299,1029.03,"https://www.firstcry.com/diaper-changing-pads-mats/1/31?scat=31@~44~45,@,@,@,@,@@@B@@1@0@20@@@@@&sort=Popularity&ref2=chklst_nb"
BeyBee Quickly Dry Waterproof Extra Large Size Bed Protector Sheet - Sea Green,677.41,1395,649.51,"https://www.firstcry.com/diaper-changing-pads-mats/1/31?scat=31@~44~45,@,@,@,@,@@@B@@1@0@20@@@@@&sort=Popularity&ref2=chklst_nb"
Babyhug Smart Dry Bed Protector Mat Super Saver Pack of 5 Small - Multicolour,510.15,895,492.25,"https://www.firstcry.com/diaper-changing-pads-mats/1/31?scat=31@~44~45,@,@,@,@,@@@B@@1@0@20@@@@@&sort=Popularity&ref2=chklst_nb"
Quick Dry Baby Bed Protector Vibro Star Print Sheet Medium - Peach,312.33,359,305.15,"https://www.firstcry.com/diaper-changing-pads-mats/1/31?scat=31@~44~45,@,@,@,@,@@@B@@1@0@20@@@@@&sort=Popularity&ref2=chklst_nb"
Babyhug Smart Dry Bed Protector Sheet Small - Pista Green,120.96,189,117.18,"https://www.firstcry.com/diaper-changing-pads-mats/1/31?scat=31@~44~45,@,@,@,@,@@@B@@1@0@20@@@@@&sort=Popularity&ref2=chklst_nb"
Syga Cloud Printed Waterproof Diaper Changing Mat Large Size - Blue,367.99,700,353.99,"https://www.firstcry.com/diaper-changing-pads-mats/1/31?scat=31@~44~45,@,@,@,@,@@@B@@1@0@20@@@@@&sort=Popularity&ref2=chklst_nb"
Babyhug Smart Dry Bed Protector Sheet Small - Orchid,120.96,189,117.18,"https://www.firstcry.com/diaper-changing-pads-mats/1/31?scat=31@~44~45,@,@,@,@,@@@B@@1@0@20@@@@@&sort=Popularity&ref2=chklst_nb"
Babyhug Smart Dry Bed Protector Sheet Small - Navy,120.96,189,117.18,"https://www.firstcry.com/diaper-changing-pads-mats/1/31?scat=31@~44~45,@,@,@,@,@@@B@@1@0@20@@@@@&sort=Popularity&ref2=chklst_nb"
Babyhug Smart Dry Bed Protector Sheet Small - Saloman Rose,120.96,189,117.18,"https://www.firstcry.com/diaper-changing-pads-mats/1/31?scat=31@~44~45,@,@,@,@,@@@B@@1@0@20@@@@@&sort=Popularity&ref2=chklst_nb"
"BeyBee Cotton Dry Sheet for Double Bed King Size , Double Bed Size - Salmon Rose",1075.01,2299,1029.03,"https://www.firstcry.com/diaper-changing-pads-mats/1/31?scat=31@~44~45,@,@,@,@,@@@B@@1@0@20@@@@@&sort=Popularity&ref2=chklst_nb"
Babyhug Smart Dry Bed Protector Sheet Small - Pink,120.96,189,117.18,"https://www.firstcry.com/diaper-changing-pads-mats/1/31?scat=31@~44~45,@,@,@,@,@@@B@@1@0@20@@@@@&sort=Popularity&ref2=chklst_nb"
Babyhug Smart Dry Bed Protector Sheet Small - Blue,107.73,189,103.95,"https://www.firstcry.com/diaper-changing-pads-mats/1/31?scat=31@~44~45,@,@,@,@,@@@B@@1@0@20@@@@@&sort=Popularity&ref2=chklst_nb"
Zero Sinker Knit Half Sleeves Top & Shorts Set with Bear & Stripes - White &  Green,304.5,350,297.5,https://www.firstcry.com/newborn-baby-clothes-dresses
WOW Clothes Sinker Knit Half Sleeves Hooded Shirt & Shorts Set With Tree Print & Inner T-Shirt - Green,856.8,1020,836.4,https://www.firstcry.com/newborn-baby-clothes-dresses
ToffyHouse Cotton Knit Half Sleeves T-Shirt & Dungaree with Vehicle Print & Embroidery - Tan & Orange,691.65,795,675.75,https://www.firstcry.com/newborn-baby-clothes-dresses
Doodle Poodle Interlock Knit Half Sleeves Onesie With Diaper Leggings And Cap with Space Theme Print - Navy Blue & White,399.33,459,390.15,https://www.firstcry.com/newborn-baby-clothes-dresses
Zero Sinker Knit Sleeveless Tropical & Space Theme Printed Front Open Vests Pack of 3 - Peach Coral & Light Blue,287.1,330,280.5,https://www.firstcry.com/newborn-baby-clothes-dresses
Baby Buzz 100% Cotton Half Sleeves Nana & Nani Ke Aankhon Ka Tara Text Printed Onesie - Red,389.61,999,389.61,https://www.firstcry.com/newborn-baby-clothes-dresses
Babyhug 100% Cotton Interlock Knit Half Sleeves Vests With Polka Dots & Teddy Bear Print Pack Of 3 - Red & White,576.73,749,561.75,https://www.firstcry.com/newborn-baby-clothes-dresses
ToffyHouse Cotton Knit Dungaree & Half Sleeves T-Shirt With Animal Print & Embroidery - Red & White,691.65,795,675.75,https://www.firstcry.com/newborn-baby-clothes-dresses
LITTLE COLLARS Jacquard Full Sleeves Solid Kurta & Pyjama With Floral Embroidered Nehru Jacket & Broach - Yellow,1219.0,1325,1192.5,https://www.firstcry.com/newborn-baby-clothes-dresses
ToffyHouse Cotton Knit Dungaree & Half Sleeves T-Shirt With Boat Print & Embroidery - Royal Blue & White,726.7,845,709.8,https://www.firstcry.com/newborn-baby-clothes-dresses
CUCUMBER Sinker Knit Half Sleeves Co-Ord Shorts Night Suit With Heart Print - Pink,330.6,380,323.0,https://www.firstcry.com/newborn-baby-clothes-dresses
Fantasy India Electronic Digital Piano Keyboard 61 Keys- Multi-Function Portable Piano Keyboard Electronic Organ with Charging Function for Beginners- Chargeable With Piano Bag,2199.56,4999,2099.58,https://www.firstcry.com/fantasy-india/0/0/1008620
FANTASY INDIA Electric Money Saving Bank with Password Settings - Assorted Color,1012.0,2300,966.0,https://www.firstcry.com/fantasy-india/0/0/1008620
Fantasy India Electronic Digital Piano Keyboard 61 Keys - Black and White,2729.09,2999,2669.11,https://www.firstcry.com/fantasy-india/0/0/1008620
Fantasy India Air Hockey Game Air Hockey Table Ice Hockey Game 220V Electric Wall Adapter Powered Indoor Game (67cm X 42cm X 10.5cm),4049.55,8999,3869.57,https://www.firstcry.com/fantasy-india/0/0/1008620
"FANTASY INDIA Flash Drum with 3D Lights, Music Baby Toy",469.53,999,449.55,https://www.firstcry.com/fantasy-india/0/0/1008620
Fantasy India Newborn to Toddler Portable Rocker Chair With Vibration and Musical Mode - Multicolour,5179.26,6999,5039.28,https://www.firstcry.com/fantasy-india/0/0/1008620
FANTASY INDIA FUN  4 in 1 Activity Baby Walker - Assorted Color,2738.0,3700,2664.0,https://www.firstcry.com/fantasy-india/0/0/1008620
Baby Carrier Bag Adjustable Hands Free 4 in 1 Baby Baby Safety Belt Child - Black,470.0,1000,450.0,https://www.firstcry.com/fantasy-india/0/0/1008620
FANTASY INDIA Shampoo Shower Cap With Adjustable Fasteners - Pink,147.0,300,141.0,https://www.firstcry.com/fantasy-india/0/0/1008620
Fantasy India  Long Sleeve Waterproof Cartoon Animals Print Feeding Bibs  Pack of 3 - (Color & Print May Vary),269.5,550,258.5,https://www.firstcry.com/fantasy-india/0/0/1008620
"Fantasy India Newborn-to-Toddler Portable Rocker Chair With Tray With Vibration and Musical Mode, Supports up to 20 KG (44 lb), 0-36 Months - (Assorted)",5549.26,7499,5399.28,https://www.firstcry.com/fantasy-india/0/0/1008620
FANTASY INDIA Domino Train Toy Set with Lights and Sounds Construction Stacking Dominoes Toys Multicolor - 60 Pieces,735.54,1599,703.56,https://www.firstcry.com/fantasy-india/0/0/1008620
Fantasy India 54 Key Piano Keyboard Toy with Mic and Power Option Recording and Mic,3959.56,8999,3779.58,https://www.firstcry.com/fantasy-india/0/0/1008620
Fantasy India Baby Fruit Scraping Mud Spoon Feeding Spoon Soft Silicone Spoon - Pink,275.0,550,258.5,https://www.firstcry.com/fantasy-india/0/0/1008620
Fantasy India Magic Practice Copy Book for Kids 4Pcs Magic Book with Pens Calligraphy Books for Beginners Practice Magical Reusable Hand Writing Book - English,171.5,350,164.5,https://www.firstcry.com/fantasy-india/0/0/1008620
Fantasy India Baby Fruit Scraping Mud Spoon Feeding Spoon Soft Silicone Spoon - Green,275.0,550,258.5,https://www.firstcry.com/fantasy-india/0/0/1008620
Baby Carrier Bag Adjustable Hands Free 4 in 1 Baby Baby Safety Belt Child - Maroon,470.0,1000,450.0,https://www.firstcry.com/fantasy-india/0/0/1008620
FANTASY INDIA World Dancing Robot with 3D Lights and Music - White,564.0,1200,540.0,https://www.firstcry.com/fantasy-india/0/0/1008620
Familio Soft & Comforting Rash Cream-50 g,549.0,549,549.0,https://www.firstcry.com/familio/0/0/1009896
Familio Nourishing Hair Oil - 200 ml,799.0,799,799.0,https://www.firstcry.com/familio/0/0/1009896
Familio All in One Shampoo + Conditoner- 200 ml,699.0,699,699.0,https://www.firstcry.com/familio/0/0/1009896
Familio Berry Merry Luscious Cream- 50 g,499.0,499,499.0,https://www.firstcry.com/familio/0/0/1009896
Familio Head to Toe Wash -200 ml,699.0,699,699.0,https://www.firstcry.com/familio/0/0/1009896
Familio Rejuvenating Massage Oil- 200 ml,799.0,799,799.0,https://www.firstcry.com/familio/0/0/1009896
Familio Squishy Mushy  Body Wash- 200 ml,699.0,699,699.0,https://www.firstcry.com/familio/0/0/1009896
Familio Baby Face + Body Butter- 50 g,499.0,499,499.0,https://www.firstcry.com/familio/0/0/1009896
Familio Fruity Delight Face Wash- 100 ml,599.0,599,599.0,https://www.firstcry.com/familio/0/0/1009896
Familio Ayurvedic Hair Cleanser- 200 ml,599.0,599,599.0,https://www.firstcry.com/familio/0/0/1009896
Familio Gentle Skin Lightening Cream- 50 g,549.0,549,549.0,https://www.firstcry.com/familio/0/0/1009896
Babyhug XX Large Size Post Maternity Belly Support & Reshaping Corset Belt - Beige,356.5,575,345.0,https://www.firstcry.com/moms-and-maternity/21/0/0?ref2=inactive_product
Nutrizoe Lactobites Lactation Bar Pack of 10 - 450 g,913.5,1050,892.5,https://www.firstcry.com/moms-and-maternity/21/0/0?ref2=inactive_product
Bella Mama Woven Embroidered Yoke With Three Fourth Sleeves Maternity Top - Olive Green,899.25,1199,875.27,https://www.firstcry.com/moms-and-maternity/21/0/0?ref2=inactive_product
Lansinoh Lanolin Nipple Cream 40ml,1499.0,1399,1499.0,https://www.firstcry.com/moms-and-maternity/21/0/0?ref2=inactive_product
Bella Mama Viscose Woven Three Fourth Sleeves Maternity Kurta With Embroidered Yoke - Green,1063.24,1599,1035.26,https://www.firstcry.com/moms-and-maternity/21/0/0?ref2=inactive_product
Bella Mama Cotton Knit Zipper Half Sleeves Nursing Nighty with Stars & Heart Print - Purple,1199.25,1299,1167.27,https://www.firstcry.com/moms-and-maternity/21/0/0?ref2=inactive_product
The Mom Store Cotton Sleeveless Solid Nursing Pumping Bra - Beige,1091.16,1399,1065.18,https://www.firstcry.com/moms-and-maternity/21/0/0?ref2=inactive_product
Bella Mama Woven Half Sleeves Maternity Dress With Floral Print and Pockets - Coral,1063.24,699,1035.26,https://www.firstcry.com/moms-and-maternity/21/0/0?ref2=inactive_product
IMPORTIKAAH Lumbar Pillow With 3D Air Mesh - White ,1999.0,1599,1999.0,https://www.firstcry.com/moms-and-maternity/21/0/0?ref2=inactive_product
Lansinoh Lanolin Nipple Cream 10ml,599.0,495,599.0,https://www.firstcry.com/moms-and-maternity/21/0/0?ref2=inactive_product
"Mylo Lactomama Lactation Granules for Breast Milk 300gms | Increases Milk Supply | With Herbs Like Shatavari, Sowa & 5 Herbs | 2 Scoops Per Serving with Milk",526.98,540,513.0,https://www.firstcry.com/moms-and-maternity/21/0/0?ref2=inactive_product
The Mom Store Cotton Solid Maternity Lounge Pants - Blue,1071.33,799,1039.35,https://www.firstcry.com/moms-and-maternity/21/0/0?ref2=inactive_product
Abena Premium Maternity Pads for Women Super Absorption & Soft Disposable Pads for After-Delivery Incontinence - 15 Pieces,590.0,249,590.0,https://www.firstcry.com/moms-and-maternity/21/0/0?ref2=inactive_product
Protinex Mama Chocolate Flavour - 250 gm,371.25,1795,361.35,https://www.firstcry.com/moms-and-maternity/21/0/0?ref2=inactive_product
Longlife Abdominal Belt For Tummy Reduction Extra Large - Blue,349.81,525,339.01,https://www.firstcry.com/moms-and-maternity/21/0/0?ref2=inactive_product
Nua Overnight Disposable Period Panties XL - XXL 360 Degree Coverage for Protection - Pack of 5,191.73,249,186.75,https://www.firstcry.com/maternity-lingerie/21/273?ref2=inactive_product
Bella Mama Cotton Blend Knit Sleep Bra wIth Eco Jiva Finish (Colour May Vary),779.22,999,759.24,https://www.firstcry.com/maternity-lingerie/21/273?ref2=inactive_product
Bella Mama Cotton Moulded Elastane Bra Pack Of 3 (Colour May Vary),665.26,899,647.28,https://www.firstcry.com/maternity-lingerie/21/273?ref2=inactive_product
MomToBe Pack Of 3 Non Padded Non Wired Maternity Bra - Multi Colour,905.76,1776,905.76,https://www.firstcry.com/maternity-lingerie/21/273?ref2=inactive_product
Nua Overnight Period Panties Pack of 10 (XL-XXL),398.4,498,388.44,https://www.firstcry.com/maternity-lingerie/21/273?ref2=inactive_product
Bella Mama Cotton Blend Knit Non Padded Nursing Bra with Eco Jiva Finish Pack Of 3 (Colour May Vary),710.21,899,692.23,https://www.firstcry.com/maternity-lingerie/21/273?ref2=inactive_product
MomToBe Pack Of 2 Cotton Padded Non Wired Solid Maternity Bra - Pink & Purple,929.69,2999,929.69,https://www.firstcry.com/maternity-lingerie/21/273?ref2=inactive_product
Inner Sense Organic Cotton Sleeveless Floral Printed Anti Odour & Anti Microbial Maternity Bra - Carrot & Cream,1138.1,1198,1138.1,https://www.firstcry.com/maternity-lingerie/21/273?ref2=inactive_product
Bella Mama Cotton Elastane Knit Maternity Non Wired Nursing Bra Pack of 3 (Colour May Vary),710.21,899,692.23,https://www.firstcry.com/maternity-lingerie/21/273?ref2=inactive_product
Bella Mama Cotton Elastane High Coverage Printed Panty Set (Colour May Vary),670.71,849,653.73,https://www.firstcry.com/maternity-lingerie/21/273?ref2=inactive_product
Bella Mama Maternity Nursing Knit Camisole - Beige,419.16,499,409.18,https://www.firstcry.com/maternity-lingerie/21/273?ref2=inactive_product
Nua Overnight Disposable Period Panties M - L 360 Degree Coverage for Protection - Pack of 10,398.4,498,388.44,https://www.firstcry.com/maternity-lingerie/21/273?ref2=inactive_product
MOMISY Cotton Spandex Front Open Wireless Nursing Bra - Purple,379.02,999,379.02,https://www.firstcry.com/maternity-lingerie/21/273?ref2=inactive_product
Carmesi Disposable Period Panties (XXL-3XL) All-Night Protection for Super Heavy Flow - 4 Pcs,169.2,240,164.4,https://www.firstcry.com/maternity-lingerie/21/273?ref2=inactive_product
Morph Cotton Spandex Pack Of 3 Solid High Waist Maternity Belly Panel Panties - Navy Blue Steel Grey & Skin,1104.54,1347,1077.6,https://www.firstcry.com/maternity-lingerie/21/273?ref2=inactive_product
MAMMA PRESTO Pack Of 2 Non Padded Anti Microbial Nursing Maternity Bras - Sea Green & Orange,1754.1,1949,1754.1,https://www.firstcry.com/maternity-lingerie/21/273?ref2=inactive_product
Bubsie Steribub 6 IN 1 Steam Sterilizer & Dryer with Bottle Tong Included,6872.7,7390,6724.9,https://www.firstcry.com/bubsie/0/0/1010374
Bubsie Swift Clean Electric Cordless Bottle Brush Set - Green,2594.7,2790,2538.9,https://www.firstcry.com/bubsie/0/0/1010374
Bubsie Swift Clean Cordless Electric Bottle Brush Set - Pink,2594.7,2790,2538.9,https://www.firstcry.com/bubsie/0/0/1010374
Bubsie Lil Chef 5 IN 1 Baby Food Maker with Squeezy Silicon Food Feeder,7626.8,8290,7461.0,https://www.firstcry.com/bubsie/0/0/1010374
Bubsie Easy Peasy 2 IN 1 Electric Nail Trimmer with 6 Trimming Heads and Storage Box - Blue,1390.35,1495,1360.45,https://www.firstcry.com/bubsie/0/0/1010374
Bubsie Nose Bliss Electric Nasal Aspirator with 3 Silicon Nozzles and Storage Box,3524.7,3790,3448.9,https://www.firstcry.com/bubsie/0/0/1010374
Almitra Sustainables Bamboo Straw ( Pack of 4) With 1 Cleaner,285.0,285,285.0,https://www.firstcry.com/almitra-sustainables/0/0/1008790
Almitra Sustainables Coconut Fiber-Premium Bottle Cleaner,300.0,300,300.0,https://www.firstcry.com/almitra-sustainables/0/0/1008790
Almitra Sustainables Coconut Fiber - Dry Body Brush,399.0,399,399.0,https://www.firstcry.com/almitra-sustainables/0/0/1008790
Almitra Sustainables Coconut Fiber- Long Handle Pot Brush,280.0,280,280.0,https://www.firstcry.com/almitra-sustainables/0/0/1008790
Almitra Sustainables Handcrafted Coir Christmas Tree 20 cm,400.0,400,400.0,https://www.firstcry.com/almitra-sustainables/0/0/1008790
Almitra Sustainables Handcrafted Coir Christmas Tree 25 cm,480.0,480,480.0,https://www.firstcry.com/almitra-sustainables/0/0/1008790
Almitra Sustainables Handcrafted Coir Christmas Tree 30 cm,575.0,575,575.0,https://www.firstcry.com/almitra-sustainables/0/0/1008790
Almitra Sustainables Handcrafted Coir Christmas Tree 32 cm,700.0,700,700.0,https://www.firstcry.com/almitra-sustainables/0/0/1008790
Almitra Sustainables Handcrafted Coir Christmas Tree 38 cm,805.0,805,805.0,https://www.firstcry.com/almitra-sustainables/0/0/1008790
Almitra Sustainables Coconut Coir Double Hockey Toilet Brush,399.0,399,399.0,https://www.firstcry.com/almitra-sustainables/0/0/1008790
Almitra Sustainables Kitchen Hard Scrub Brush,180.0,180,180.0,https://www.firstcry.com/almitra-sustainables/0/0/1008790
Almitra Sustainables Reusable Copper Straw (Straight) Pack of 2 with Cleaner,350.0,350,350.0,https://www.firstcry.com/almitra-sustainables/0/0/1008790
Almitra Sustainables Stainless Steel Straw (Straight) Pack of 2 With 1 Cleaner,270.0,270,270.0,https://www.firstcry.com/almitra-sustainables/0/0/1008790
Almitra Sustainables Neem Wood Hair Comb with Handle,250.0,250,250.0,https://www.firstcry.com/almitra-sustainables/0/0/1008790
Almitra Sustainables Charcoal Handmade Cold Processed Soap-100g,290.0,290,290.0,https://www.firstcry.com/almitra-sustainables/0/0/1008790
Almitra Sustainables Chocolate Coffee Handmade Cold Processed Soap- 100 g,290.0,290,290.0,https://www.firstcry.com/almitra-sustainables/0/0/1008790
Almitra Sustainables Lavender Handmade Cold Processed Soap- 100 g,290.0,290,290.0,https://www.firstcry.com/almitra-sustainables/0/0/1008790
Almitra Sustainables Rosemary Handmade Cold Processed Soap- 100 g,290.0,290,290.0,https://www.firstcry.com/almitra-sustainables/0/0/1008790
Almitra Sustainables Bamboo Cotton Buds (Pack of 2 Boxes) - 50 Pieces Each,235.0,235,235.0,https://www.firstcry.com/almitra-sustainables/0/0/1008790
Almitra Sustainables Copper Tongue Cleaner  Pack Of 4,700.0,700,700.0,https://www.firstcry.com/almitra-sustainables/0/0/1008790
Babila Small Nail Clipper (Glitter with Chain)-NC-V07 Steel- Pink,76.5,90,74.7,https://www.firstcry.com/babila/0/0/1008492
Babila Handy Pumice Stone-PC-V03 Grey,102.0,120,99.6,https://www.firstcry.com/babila/0/0/1008492
Babila Eye Mask Big-EM-V02 Multicolour,160.65,189,156.87,https://www.firstcry.com/babila/0/0/1008492
Babila Eye Groomer- MB-V003,93.5,110,91.3,https://www.firstcry.com/babila/0/0/1008492
Babila Pedicure File-PC-V04 Multicolour,110.5,130,107.9,https://www.firstcry.com/babila/0/0/1008492
Babila Pedicure File- PC-V036 Black,348.5,410,340.3,https://www.firstcry.com/babila/0/0/1008492
Babila Eye Mask Small-EM-V01 Multicolour,152.15,179,148.57,https://www.firstcry.com/babila/0/0/1008492
Babila Eye Mask Silk-EM-V03 Pink,169.15,199,165.17,https://www.firstcry.com/babila/0/0/1008492
Babila Eye Mask Silk-EM-V04 Black,152.15,179,148.57,https://www.firstcry.com/babila/0/0/1008492
Babila Pumice Stone/Brush with Handle-PC-V02 Multicolour,136.0,160,132.8,https://www.firstcry.com/babila/0/0/1008492
Babila Large Nail Clipper-NC-V01 Steel- Silver,102.0,120,99.6,https://www.firstcry.com/babila/0/0/1008492
Babila Double Side Curved Emery-Foot file- PC-V027 Pink,152.15,179,148.57,https://www.firstcry.com/babila/0/0/1008492
Babila Dual Action Callus Remover-PC-V09 Pink,127.5,150,124.5,https://www.firstcry.com/babila/0/0/1008492
Babila Pedicure File-PC-V021 Multicolour,144.5,170,141.1,https://www.firstcry.com/babila/0/0/1008492
Babila Lava Pumice Stone-PC-V041 Brown,169.15,199,165.17,https://www.firstcry.com/babila/0/0/1008492
Babila Classic Sponge (2 Pcs. Set)-BA-V032 Multicolour,84.15,99,82.17,https://www.firstcry.com/babila/0/0/1008492
Babila Foot Scrubber 4 in 1-PC-V01 BIG  Multicolour,195.5,230,190.9,https://www.firstcry.com/babila/0/0/1008492
Babila Corn Cutter-(3BLADE INSIDE FREE)-PC-V06 Steel,127.5,150,124.5,https://www.firstcry.com/babila/0/0/1008492
Babila Pedicure File-PC-V034 Multicolour,169.15,199,165.17,https://www.firstcry.com/babila/0/0/1008492
Babila Candy Pumice Stone 2 IN1-PC-V011 Pink & White,93.5,110,91.3,https://www.firstcry.com/babila/0/0/1008492
"Zoe Premium Baby Kick and Play Piano Colorful Play Gym with Lights, Music and 5 Hanging Rattles| Jungle Theme Play Mat Carpet with Musical Keyboard| Activity Portable Playmat Gifting Toy for 0-18 Months| BIS Certified",674.73,2499,624.75,https://www.firstcry.com/zoe/0/0/1005535
Zoe Waterproof Feeding Bibs with Snap Button Closure Cow Print Pack of 3- Multicolour,110.63,299,104.65,https://www.firstcry.com/zoe/0/0/1005535
"ZOE Portable Lunch Box with Bottle Set Giraffe  Print|BPA Free|Leak Resistant|Freezer Safe|Double Layer 3 compartments, 1 Spoon, 1 Fork & 1 Bottle|600ML+400ML|Perfect for School Kids & Outdoors|Light Green",328.53,699,314.55,https://www.firstcry.com/zoe/0/0/1005535
Zoe Bento Lunch Box Stainless Steel with Dino Print - Green,704.65,1999,664.67,https://www.firstcry.com/zoe/0/0/1005535
Zoe Inferno Striker Dart Gun - (Colour May Vary),597.54,1299,571.56,https://www.firstcry.com/zoe/0/0/1005535
Zoe Dinosaur Soft Toy Green - Height 40 cm,417.9,995,398.0,https://www.firstcry.com/zoe/0/0/1005535
ZOE Metal Die-Cast Sports Street Racer Car Pack of 3 (Colour May Vary),219.56,499,209.58,https://www.firstcry.com/zoe/0/0/1005535
Zoe Baby Bedding Set with Pillow and Sleeping Bag Combo With Giraffe and Monkey Print - Sea Green,809.46,1499,779.48,https://www.firstcry.com/zoe/0/0/1005535
ZOE Money Bank with Lock and Key - Blue,259.48,499,249.5,https://www.firstcry.com/zoe/0/0/1005535
Zoe Transport Push & Go Toy-  Multicolour,299.5,599,287.52,https://www.firstcry.com/zoe/0/0/1005535
Zoe Rattle Teether Ball - Multicolour,92.13,249,87.15,https://www.firstcry.com/zoe/0/0/1005535
ZOE 3D Character Sipper Water Bottle|BPA Free|Leak Resistant|Freezer Safe| 600 ml|Perfect for School Kids & Outdoors|Pink,493.03,1049,472.05,https://www.firstcry.com/zoe/0/0/1005535
ZOE Dino Theme Money Bank with Lock-Blue,299.5,599,287.52,https://www.firstcry.com/zoe/0/0/1005535
"ZOE Lunch Box with Spoon & Space Theme Print|BPA Free|Leak Resistant|Freezer Safe|6 compartment, 1 Dip Container, 1 Spoon cum fork|1200ml|Perfect for School Kids & Outdoors|Purple",499.5,999,479.52,https://www.firstcry.com/zoe/0/0/1005535
Zoe Loopitoy Tube Teether Rattle - Multicolour,249.5,499,239.52,https://www.firstcry.com/zoe/0/0/1005535
Zoe Math Geometry Set Box - Orange,179.6,449,170.62,https://www.firstcry.com/zoe/0/0/1005535
ZOE Freezer & Leak Proof Lunch Box with Dino Print|BPA Free|Leak Resistant|Freezer Safe|Removable Section 3 compartments and 1 Spoon|1300ML|Perfect for School Kids & Outdoors|Green,328.53,699,314.55,https://www.firstcry.com/zoe/0/0/1005535
ZOE Backpacks with Unicorn Print Purple - Height 16 Inches,1499.5,2999,1439.52,https://www.firstcry.com/zoe/0/0/1005535
ZOE Stationery Set Unicorn Theme - Pink,375.53,799,359.55,https://www.firstcry.com/zoe/0/0/1005535
"Zoe Snuggle 5-in-1 Baby Carrier with Hip Seat: Versatile front, back & hip carrying, Ergonomic design, Padded straps, Pressure-relieving waist belt, Safety harness, Storage pockets, Supports up to 15 kg- Grey",1139.43,1999,1099.45,https://www.firstcry.com/zoe/0/0/1005535
Bodycare Cotton Knit Shorts Pack of 4 - White (Print May Vary),544.32,648,531.36,"https://www.firstcry.com/bodycare/6/0/580?age=6,7,8,9,10,11"
Bodycare Cotton Knit Shorts Polka Dots Print Pack of 4 - White,544.32,648,531.36,"https://www.firstcry.com/bodycare/6/0/580?age=6,7,8,9,10,11"
Bodycare Cotton Knit Briefs With Football Print Pack of 4 - Grey Red & Navy Blue,426.56,496,416.64,"https://www.firstcry.com/bodycare/6/0/580?age=6,7,8,9,10,11"
Bodycare Cotton Sleeveless Slips Butterfly Print Pack of 3 - Blue & Pink,491.4,585,479.7,"https://www.firstcry.com/bodycare/6/0/580?age=6,7,8,9,10,11"
Bodycare Cotton Knit Striped Panties Pack of 5 - Multicolour,541.8,645,528.9,"https://www.firstcry.com/bodycare/6/0/580?age=6,7,8,9,10,11"
Bodycare Cotton Knit Panties With Polka Dot Print Pack of 4 - Light Blur Pink & White,376.96,496,367.04,"https://www.firstcry.com/bodycare/6/0/580?age=6,7,8,9,10,11"
Bodycare Cotton  Full Sleeves  Antibacterial Ineer Wear Thermal Set Solid Colour - Black,770.25,975,750.75,"https://www.firstcry.com/bodycare/6/0/580?age=6,7,8,9,10,11"
Bodycare Cotton Knit Hipster Panties with Stripes Pack of 3 - Blue Pink & Purple,428.28,498,418.32,"https://www.firstcry.com/bodycare/6/0/580?age=6,7,8,9,10,11"
Bodycare Cotton Knit Hipster Panties with Striped & Floral Print Pack of 3 - Peach & White,428.28,498,418.32,"https://www.firstcry.com/bodycare/6/0/580?age=6,7,8,9,10,11"
Bodycare Cotton Knit Solid Colour Briefs Pack of 4 - Grey Orange & Blue,340.56,396,332.64,"https://www.firstcry.com/bodycare/6/0/580?age=6,7,8,9,10,11"
Bodycare Cotton Knit Panties Striped & Fruits Print Pack of 4 - Blue Red & White,376.96,496,367.04,"https://www.firstcry.com/bodycare/6/0/580?age=6,7,8,9,10,11"
Bodycare Cotton Knit Trunks With Stripes & Text Print Pack of 3 -Blue & White,425.7,495,415.8,"https://www.firstcry.com/bodycare/6/0/580?age=6,7,8,9,10,11"
Bodycare Cotton Knit Briefs Text Superman & Batman Print Pack of 3 - Red Blue & Black,417.24,549,406.26,"https://www.firstcry.com/bodycare/6/0/580?age=6,7,8,9,10,11"
Bodycare Cotton Knit Striped & Football Printed Briefs Pack of 4 - Navy Blue White & Red,416.64,496,406.72,"https://www.firstcry.com/bodycare/6/0/580?age=6,7,8,9,10,11"
Bodycare Cotton Knit Solid Colour Trunks Pack of 3 - Grey Navy & Black,415.8,495,405.9,"https://www.firstcry.com/bodycare/6/0/580?age=6,7,8,9,10,11"
Bodycare Cotton Knit Solid Colour Slips - Black & Cream,299.28,348,292.32,"https://www.firstcry.com/bodycare/6/0/580?age=6,7,8,9,10,11"
Bodycare Cotton Knit Sleeveless Vests with Spiderman Print Pack of 2 - Red & Grey,302.48,398,294.52,"https://www.firstcry.com/bodycare/6/0/580?age=6,7,8,9,10,11"
Bodycare Full Sleeves Thermal Vest & Bottom Set - Grey,675.45,855,658.35,"https://www.firstcry.com/bodycare/6/0/580?age=6,7,8,9,10,11"
Bodycare Sleeveless Slips Hello Kitty Print Pack of 3 - Red Blue & White,529.2,630,516.6,"https://www.firstcry.com/bodycare/6/0/580?age=6,7,8,9,10,11"
Bodycare Full Sleeves Thermal Set - Red,572.75,725,558.25,"https://www.firstcry.com/bodycare/6/0/580?age=6,7,8,9,10,11"
Cucumber Sinker Knit Full Sleeves Front Open Night Suit With Kittens Print - Aqua,462.0,600,450.0,"https://www.firstcry.com/cucumber/6/0/2175?age=6,7,8,9,10,11"
CUCUMBER Sinker Knit Half Sleeves Night Suit with Car Print Print - Grey,410.8,520,400.4,"https://www.firstcry.com/cucumber/6/0/2175?age=6,7,8,9,10,11"
CUCUMBER Sinker Knit Half Sleeves Night Suit with Surfing Print - Light Blue,410.8,520,400.4,"https://www.firstcry.com/cucumber/6/0/2175?age=6,7,8,9,10,11"
Cucumber Sinker Knit Full Sleeves Front Open Night Suit With Checks & Stars Print - Light Pink,504.0,600,492.0,"https://www.firstcry.com/cucumber/6/0/2175?age=6,7,8,9,10,11"
CUCUMBER Sinker Knit Half Sleeves Night Suit with Ice Cream Print - Light Peach,442.0,520,431.6,"https://www.firstcry.com/cucumber/6/0/2175?age=6,7,8,9,10,11"
Cucumber Sinker Knit Half Sleeves Night Suit with Basketball Theme Print - Light Blue,516.0,600,504.0,"https://www.firstcry.com/cucumber/6/0/2175?age=6,7,8,9,10,11"
CUCUMBER Sinker Knit Half Sleeves Printed Co-ords Night Suit - Charcoal Grey,469.8,540,459.0,"https://www.firstcry.com/cucumber/6/0/2175?age=6,7,8,9,10,11"
CUCUMBER Sinker Knit Half Sleeves Night Suit with Nautical Theme Print - Pink,400.4,520,390.0,"https://www.firstcry.com/cucumber/6/0/2175?age=6,7,8,9,10,11"
CUCUMBER Sinker Knit Half Sleeves Night Suit with Beach Theme Print & Stripes - White,436.8,520,426.4,"https://www.firstcry.com/cucumber/6/0/2175?age=6,7,8,9,10,11"
Cucumber Sinker Knit Half Sleeve Night Suit With Space Theme Print- Black,410.8,520,400.4,"https://www.firstcry.com/cucumber/6/0/2175?age=6,7,8,9,10,11"
CUCUMBER Sinker Knit Half Sleeves Shorts Night Suit with Car Print - Light Blue,310.8,370,303.4,"https://www.firstcry.com/cucumber/6/0/2175?age=6,7,8,9,10,11"
CUCUMBER Sinker Knit Half Sleeves Shorts Night Suit with Sports Theme Print - Red,321.9,370,314.5,"https://www.firstcry.com/cucumber/6/0/2175?age=6,7,8,9,10,11"
CUCUMBER Sinker Knit Half Sleeves Shorts Night Suit with Bike Print - Pink,340.0,400,332.0,"https://www.firstcry.com/cucumber/6/0/2175?age=6,7,8,9,10,11"
CUCUMBER Sinker Knit Half Sleeves Night Suit with Unicorn Print - Lilac,452.4,520,442.0,"https://www.firstcry.com/cucumber/6/0/2175?age=6,7,8,9,10,11"
CUCUMBER Sinker Knit Half Sleeves Night Suit with Beach Theme Print & Stripes - Light Blue,447.2,520,436.8,"https://www.firstcry.com/cucumber/6/0/2175?age=6,7,8,9,10,11"
CUCUMBER Cotton Knit Half Sleeves Night Suit Bikes Print - Deep Mint,425.6,560,414.4,"https://www.firstcry.com/cucumber/6/0/2175?age=6,7,8,9,10,11"
Cucumber Sinker Knit Full Sleeves Front Open Night Suit With Stripes & Football Print - Red,469.8,540,459.0,"https://www.firstcry.com/cucumber/6/0/2175?age=6,7,8,9,10,11"
CUCUMBER Sinker Knit Half Sleeves Shorts Night Suit with Abstract & Text Print - Pink,365.5,430,356.9,"https://www.firstcry.com/cucumber/6/0/2175?age=6,7,8,9,10,11"
CUCUMBER Cotton Sleeveless Beach Theme Print Vest Set Of 3 - Red Navy Blue & Baby Pink,285.6,336,278.88,"https://www.firstcry.com/cucumber/6/0/2175?age=6,7,8,9,10,11"
CUCUMBER Sinker Knit Half Sleeves Shorts Night Suit with Flamingo & Floral Print - Aqua Blue,365.4,420,357.0,"https://www.firstcry.com/cucumber/6/0/2175?age=6,7,8,9,10,11"
Mom's pet Cotton Knit Full Peasant Sleeves Checked Coordinating Shirt Pajama Set - Pink,1007.4,1095,985.5,"https://www.firstcry.com/moms-pet/6/0/1987?age=6,7,8,9,10,11"
Mom's pet Cotton Knit Full Sleeves Teddy Bear Printed Coordinating Night Suit Set - Grey,1099.4,1195,1075.5,"https://www.firstcry.com/moms-pet/6/0/1987?age=6,7,8,9,10,11"
Mom's pet Cotton Knit Full Sleeves Penguins Printed Coordinating Shirt Pajama Set - Green,1191.4,1295,1165.5,"https://www.firstcry.com/moms-pet/6/0/1987?age=6,7,8,9,10,11"
Mom's pet Cotton Knit Full Sleeves Teddy Bear Printed Coordinating Night Suit Set - Peach,1191.4,1295,1165.5,"https://www.firstcry.com/moms-pet/6/0/1987?age=6,7,8,9,10,11"
Mom's pet Cotton Knit Full Sleeves Robot Printed Coordinating Night Suit Set - Peach,1007.4,1095,985.5,"https://www.firstcry.com/moms-pet/6/0/1987?age=6,7,8,9,10,11"
Mom's pet Velour Full Sleeves Fish Designed Sweatshirt With Joggers Set - Red,1099.4,1195,1075.5,"https://www.firstcry.com/moms-pet/6/0/1987?age=6,7,8,9,10,11"
Mom's pet Fur Full Sleeves Floral Printed & Wings Patch Embroidered Dress With Legggings - Pink,1099.4,1195,1075.5,"https://www.firstcry.com/moms-pet/6/0/1987?age=6,7,8,9,10,11"
Mom's pet Cotton Linen Knit Full Sleeves Floral Printed Coordinating Night Suit - Pink,1007.4,1095,985.5,"https://www.firstcry.com/moms-pet/6/0/1987?age=6,7,8,9,10,11"
Mom's pet Cotton Linen Knit Full Sleeves Bunny Printed Coordinating Night Suit Set - Blue,1007.4,1095,985.5,"https://www.firstcry.com/moms-pet/6/0/1987?age=6,7,8,9,10,11"
Mom's pet Cotton Knit Full Bell Sleeves Checked Coordinating Shirt Pajama Set - Pink,1007.4,1095,985.5,"https://www.firstcry.com/moms-pet/6/0/1987?age=6,7,8,9,10,11"
Mom's pet Cotton Woven Cap Sleeves Hearts Printed Coordinating Tee & Shorts Set  - Grey,455.4,495,445.5,"https://www.firstcry.com/moms-pet/6/0/1987?age=6,7,8,9,10,11"
Mom's pet Cotton Knit Full Sleeves Unicorn Printed Coordinating Night Suit Set - Grey,1007.4,1095,985.5,"https://www.firstcry.com/moms-pet/6/0/1987?age=6,7,8,9,10,11"
Mom's pet Cotton Knit Full Sleeves Striped Coordinating Shirt Pajama Set - Pink,1007.4,1095,985.5,"https://www.firstcry.com/moms-pet/6/0/1987?age=6,7,8,9,10,11"
Mom's pet Cotton Knit Full Sleeves Truck & Baby Robots Printed Coordinating Night Suit Set - Sky Blue,1007.4,1095,985.5,"https://www.firstcry.com/moms-pet/6/0/1987?age=6,7,8,9,10,11"
Mom's pet Cotton Knit Full Sleeves Floral Printed Coordinating Night Suit Set - Pink,1007.4,1095,985.5,"https://www.firstcry.com/moms-pet/6/0/1987?age=6,7,8,9,10,11"
Mom's pet Full Sleeves All Over Bunny Printed & Cloud Embroidered Winter Frock With Coordinating Leggings - Brown,1075.5,1195,1075.5,"https://www.firstcry.com/moms-pet/6/0/1987?age=6,7,8,9,10,11"
Mom's pet Fur Full Sleeves Floral Printed Fur Textured Top & Coordinating Pant Set - Blue,1191.4,1295,1165.5,"https://www.firstcry.com/moms-pet/6/0/1987?age=6,7,8,9,10,11"
Mom's pet Fur Full Sleeves Textured Ribbed Dress With Leggings - Red,1283.4,1395,1255.5,"https://www.firstcry.com/moms-pet/6/0/1987?age=6,7,8,9,10,11"
Mom's pet Muslin Cotton Half Sleeves Checked & Lace Detailed Dress With Bloomer - White,1007.4,1095,985.5,"https://www.firstcry.com/moms-pet/6/0/1987?age=6,7,8,9,10,11"
Mom's pet Cotton Knit Full Sleeves Animals Printed Coordinating Night Suit Set - White,1007.4,1095,985.5,"https://www.firstcry.com/moms-pet/6/0/1987?age=6,7,8,9,10,11"
PALM TREE Half Sleeves Solid Knit Top - Navy Blue,216.3,309,216.3,"https://www.firstcry.com/palm-tree/6/0/702?age=6,7,8,9,10,11"
PALM TREE Cotton Half Sleeves Trees Printed Tee - Pink,407.32,599,407.32,"https://www.firstcry.com/palm-tree/6/0/702?age=6,7,8,9,10,11"
PALM TREE Half Sleeves Skate Printed Tee - Black,305.32,449,305.32,"https://www.firstcry.com/palm-tree/6/0/702?age=6,7,8,9,10,11"
PALM TREE Brand Name Printed  Bermuda Shorts - Green,611.32,899,611.32,"https://www.firstcry.com/palm-tree/6/0/702?age=6,7,8,9,10,11"
PALM TREE Full Sleeves Video Game Console Printed Tee - Black,475.32,699,475.32,"https://www.firstcry.com/palm-tree/6/0/702?age=6,7,8,9,10,11"
PALM TREE Half Sleeves Stars & Sun Printed Polo Tee - Red,679.32,999,679.32,"https://www.firstcry.com/palm-tree/6/0/702?age=6,7,8,9,10,11"
PALM TREE Half Sleeves Adventure Theme Printed Tee - Red,407.32,599,407.32,"https://www.firstcry.com/palm-tree/6/0/702?age=6,7,8,9,10,11"
PALM TREE Half Sleeves Lets Wheelie Text With Bicycle Printed Tee - Black,475.32,699,475.32,"https://www.firstcry.com/palm-tree/6/0/702?age=6,7,8,9,10,11"
PALM TREE Half Sleeves Skate Printed Tee - Green,305.32,449,305.32,"https://www.firstcry.com/palm-tree/6/0/702?age=6,7,8,9,10,11"
PALM TREE Half Sleeves Musical Festival Art Printed Tee - Yellow,407.32,599,407.32,"https://www.firstcry.com/palm-tree/6/0/702?age=6,7,8,9,10,11"
PALM TREE Half Sleeves One Step Up Level System Text Printed Tee - Black,339.32,499,339.32,"https://www.firstcry.com/palm-tree/6/0/702?age=6,7,8,9,10,11"
PALM TREE Half Sleeves Reduce Reuse Recycle Text Pinted Tee - Yellow,213.73,319,213.73,"https://www.firstcry.com/palm-tree/6/0/702?age=6,7,8,9,10,11"
PALM TREE Full Sleeves The World Is Yours To Explore Text Printed Tee - Grey,475.32,699,475.32,"https://www.firstcry.com/palm-tree/6/0/702?age=6,7,8,9,10,11"
PALM TREE Half Sleeves Comic Theme With Wavey Trip Text Printed Tee - Olive,339.32,499,339.32,"https://www.firstcry.com/palm-tree/6/0/702?age=6,7,8,9,10,11"
PALM TREE Half Sleeves Lets Go Green Text Printed Tee - Yellow,223.3,319,223.3,"https://www.firstcry.com/palm-tree/6/0/702?age=6,7,8,9,10,11"
PALM TREE Half Sleeves Skater With Striped Hexagon Printed Tee - Orange,407.32,599,407.32,"https://www.firstcry.com/palm-tree/6/0/702?age=6,7,8,9,10,11"
PALM TREE Half Sleeves Military Inspired Graphic Printed Tee - Navy,468.33,699,468.33,"https://www.firstcry.com/palm-tree/6/0/702?age=6,7,8,9,10,11"
PALM TREE Half Sleeves Positive Thinking Text Printed Tee - Navy,475.32,699,475.32,"https://www.firstcry.com/palm-tree/6/0/702?age=6,7,8,9,10,11"
PALM TREE Pack Of 3 Half Sleeves Sports Theme & Text Printed Tees - Multi Colour,669.33,999,669.33,"https://www.firstcry.com/palm-tree/6/0/702?age=6,7,8,9,10,11"
PALM TREE Full Sleeves Better Than Ever Text Printed Tee - Red,475.32,699,475.32,"https://www.firstcry.com/palm-tree/6/0/702?age=6,7,8,9,10,11"
Eteenz Full Sleeves T-Shirt Batman Print - Red,261.75,349,226.85,"https://www.firstcry.com/eteenz/6/0/630?age=6,7,8,9,10,11"
Eteenz Full Sleeves Tee Startup Print - Black,254.77,349,219.87,"https://www.firstcry.com/eteenz/6/0/630?age=6,7,8,9,10,11"
Eteenz Full Length Lounge Pants Nautical Print Pack of 2 - Blue Red,461.34,699,447.36,"https://www.firstcry.com/eteenz/6/0/630?age=6,7,8,9,10,11"
Eteenz Full Sleeves Tee London Print - Grey,254.77,349,219.87,"https://www.firstcry.com/eteenz/6/0/630?age=6,7,8,9,10,11"
Eteenz Three Fourth Sleeves Top Dora Print - Red,291.27,399,251.37,"https://www.firstcry.com/eteenz/6/0/630?age=6,7,8,9,10,11"
Eteenz Full Sleeves T-Shirt London Print - Red,254.77,349,219.87,"https://www.firstcry.com/eteenz/6/0/630?age=6,7,8,9,10,11"
Eteenz Full Sleeves Tee Text Print - Grey,254.77,349,219.87,"https://www.firstcry.com/eteenz/6/0/630?age=6,7,8,9,10,11"
Eteenz Full Sleeves Winter Wear Tee Text Print - Blue,329.34,499,319.36,"https://www.firstcry.com/eteenz/6/0/630?age=6,7,8,9,10,11"
Babyhug Disney Princess Summer Cap - Pink,457.41,579,445.83,"https://www.firstcry.com/Caps,-Gloves-and-Mittens/6/22?age=6,7,8,9,10,11"
Pine Kids Straw Hat With Butterfly Applique Beige - Diameter 17 cm,360.36,429,351.78,"https://www.firstcry.com/Caps,-Gloves-and-Mittens/6/22?age=6,7,8,9,10,11"
Babyhug Marvel Spiderman Summer Cap - Blue,417.91,529,407.33,"https://www.firstcry.com/Caps,-Gloves-and-Mittens/6/22?age=6,7,8,9,10,11"
Pine Kids Marvel Captain America Summer Cap Blue - Diameter 17 cm,455.24,599,443.26,"https://www.firstcry.com/Caps,-Gloves-and-Mittens/6/22?age=6,7,8,9,10,11"
Babyhug Disney Mickey Mouse Summer Cap - Mustard,441.61,559,430.43,"https://www.firstcry.com/Caps,-Gloves-and-Mittens/6/22?age=6,7,8,9,10,11"
Pine Kids Marvel Cotton Avengers Baseball Cap White - Diameter 16.5 cm,457.41,579,445.83,"https://www.firstcry.com/Caps,-Gloves-and-Mittens/6/22?age=6,7,8,9,10,11"
Babyhug Mickey Mouse Summer Cap - Red & Blue,380.88,529,370.3,"https://www.firstcry.com/Caps,-Gloves-and-Mittens/6/22?age=6,7,8,9,10,11"
Babyhug Marvel Cotton Summer Cap With Avengers  Print - Bright White,395.28,549,384.3,"https://www.firstcry.com/Caps,-Gloves-and-Mittens/6/22?age=6,7,8,9,10,11"
Babyhug Free Size Baseball Cap With Ear Applique & Bear Patch  - Beige,417.91,529,407.33,"https://www.firstcry.com/Caps,-Gloves-and-Mittens/6/22?age=6,7,8,9,10,11"
Babyhug Mickey Mouse Summer Cap - Black & Blue,417.91,529,407.33,"https://www.firstcry.com/Caps,-Gloves-and-Mittens/6/22?age=6,7,8,9,10,11"
Pine Kids Marvel Avengers Summer Caps Multicolour - Diameter 16.5 cm,434.25,579,422.67,"https://www.firstcry.com/Caps,-Gloves-and-Mittens/6/22?age=6,7,8,9,10,11"
Babyhug Bucket Hat Animal Print -Multicolor,465.31,589,453.53,"https://www.firstcry.com/Caps,-Gloves-and-Mittens/6/22?age=6,7,8,9,10,11"
Pine Kids Woollen Knit Color Block Cap Gloves & Muffler Set - Yellow Blue & White,433.71,549,422.73,"https://www.firstcry.com/Caps,-Gloves-and-Mittens/6/22?age=6,7,8,9,10,11"
Babyhug Disney Cotton Woven Bucket Cap with Minnie Mouse Print - Pink,384.3,549,373.32,"https://www.firstcry.com/Caps,-Gloves-and-Mittens/6/22?age=6,7,8,9,10,11"
Babyhug Free Size Straw Hat With Bow Applique - Fuchsia,402.11,509,391.93,"https://www.firstcry.com/Caps,-Gloves-and-Mittens/6/22?age=6,7,8,9,10,11"
Babyhug Disney Mickey Mouse Summer Cap - Red,424.84,559,413.66,"https://www.firstcry.com/Caps,-Gloves-and-Mittens/6/22?age=6,7,8,9,10,11"
Babyhug Disney Minnie Mouse Summer Cap - Peach,391.93,509,381.75,"https://www.firstcry.com/Caps,-Gloves-and-Mittens/6/22?age=6,7,8,9,10,11"
Babyhug Marvel Cotton Summer Cap With Captain Amercia Graphics - Multicolour,406.26,549,395.28,"https://www.firstcry.com/Caps,-Gloves-and-Mittens/6/22?age=6,7,8,9,10,11"
Babyhug Disney Cotton Summer Cap With Mickey Mouse Family All Over Print - Multicolor,406.26,549,395.28,"https://www.firstcry.com/Caps,-Gloves-and-Mittens/6/22?age=6,7,8,9,10,11"
Babyhug Disney Minnie Mouse Summer Cap - Red,393.72,579,382.14,"https://www.firstcry.com/Caps,-Gloves-and-Mittens/6/22?age=6,7,8,9,10,11"
Alles Marche  Full Sleeves Plaid Checked Waistcoat With Coordinating Pants 4 Piece Suit     - Grey & Black,999.6,2499,999.6,"https://www.firstcry.com/alles-marche/6/0/1007049?age=6,7,8,9,10,11"
Alles Marche Full Sleeves 4 Piece Party Suit - Grey & Black,999.6,2499,999.6,"https://www.firstcry.com/alles-marche/6/0/1007049?age=6,7,8,9,10,11"
Alles Marche Full Sleeves Solid Waistcoat With Coordinating Pants 4 Piece Suit - Navy Blue,999.6,2499,999.6,"https://www.firstcry.com/alles-marche/6/0/1007049?age=6,7,8,9,10,11"
Alles Marche 3 Piece Full Sleeves Bow Detail Party Suit With Shirt Checkered Waistcoat And Trousers - Sky Blue,999.6,2499,999.6,"https://www.firstcry.com/alles-marche/6/0/1007049?age=6,7,8,9,10,11"
Alles Marche Half Sleeves Jungle Theme Printed Party Shirt - Red,399.6,999,399.6,"https://www.firstcry.com/alles-marche/6/0/1007049?age=6,7,8,9,10,11"
Alles Marche 3 Piece Solid Full Sleeves Party Suit With Waistcoat Trousers And Bow Tie - Black,999.6,2499,999.6,"https://www.firstcry.com/alles-marche/6/0/1007049?age=6,7,8,9,10,11"
Alles Marche Half Sleeves Zebra Printed Party Shirt -Yellow,399.6,999,399.6,"https://www.firstcry.com/alles-marche/6/0/1007049?age=6,7,8,9,10,11"
Alles Marche Full Sleeves Solid  3 Piece Party Suit - Navy Blue,999.6,2499,999.6,"https://www.firstcry.com/alles-marche/6/0/1007049?age=6,7,8,9,10,11"
Alles Marche Full Sleeves Shirt With Brooch Embellished Waistcoat & Trousers - Yellow,999.6,2499,999.6,"https://www.firstcry.com/alles-marche/6/0/1007049?age=6,7,8,9,10,11"
Alles Marche Solid 3 Piece Full Sleeves Party Suit With Shirt & Waistcoat With Trousers And Tie - Dark Brown,999.6,2499,999.6,"https://www.firstcry.com/alles-marche/6/0/1007049?age=6,7,8,9,10,11"
Alles Marche Full Sleeves 4 Piece Party Suit - Navy Blue,999.6,2499,999.6,"https://www.firstcry.com/alles-marche/6/0/1007049?age=6,7,8,9,10,11"
Alles Marche 3 Piece Solid Full Sleeves Party Suit With Waistcoat Trousers And Bow Tie - Green,999.6,2499,999.6,"https://www.firstcry.com/alles-marche/6/0/1007049?age=6,7,8,9,10,11"
Alles Marche Half Sleeves Girl With Floral Crown Printed Party Shirt-Navy Blue,399.6,999,399.6,"https://www.firstcry.com/alles-marche/6/0/1007049?age=6,7,8,9,10,11"
Alles Marche Half Sleeves Aeroplane Printed Party Shirt -White,399.6,999,399.6,"https://www.firstcry.com/alles-marche/6/0/1007049?age=6,7,8,9,10,11"
PALM TREE Cotton Motorcycle Printed Shorts - Black,287.28,399,279.3,https://www.firstcry.com/shorts-skirts-and-jeans/6/221/702
PALM TREE Seamless Cars & Footballs Printed Shorts - Blue,305.32,449,305.32,https://www.firstcry.com/shorts-skirts-and-jeans/6/221/702
PALM TREE Cotton Full Length Solid Trousers - Black,979.3,1399,979.3,https://www.firstcry.com/shorts-skirts-and-jeans/6/221/702
PALM TREE Cars Printed Shorts - Blue,271.32,399,271.32,https://www.firstcry.com/shorts-skirts-and-jeans/6/221/702
PALM TREE Printed Elasticated Shorts -Navy Blue,271.32,399,271.32,https://www.firstcry.com/shorts-skirts-and-jeans/6/221/702
PALM TREE Mild Washed Jeans - Blue,1087.32,1599,1087.32,https://www.firstcry.com/shorts-skirts-and-jeans/6/221/702
PALM TREE Brand Name Printed  Bermuda Shorts - Red,611.32,899,611.32,https://www.firstcry.com/shorts-skirts-and-jeans/6/221/702
PALM TREE  Logo Printed Solid  Bermuda Shorts - Navy Blue,611.32,899,611.32,https://www.firstcry.com/shorts-skirts-and-jeans/6/221/702
I Bears Interlock Knit Half Sleeves Onesies With Ice Cream Print Pack of 3 - Brown Blue & White,619.2,720,604.8,"https://www.firstcry.com/i-bears/6/0/1005248?age=0,1,2,3,4,5"
I Bears Interlock Cotton Half Sleeves Onesies Stripes & Floral Print Pack of 3 - White & Pink,516.0,600,504.0,"https://www.firstcry.com/i-bears/6/0/1005248?age=0,1,2,3,4,5"
I Bears Interlock Knit Half Sleeves Onesies Floral Print Pack of 3 - Pink & White,612.0,720,597.6,"https://www.firstcry.com/i-bears/6/0/1005248?age=0,1,2,3,4,5"
I Bears Interlock Knit  Full Sleeves Night Suit with Pair of Mittens & Cap Bunny Print - White,327.6,390,319.8,"https://www.firstcry.com/i-bears/6/0/1005248?age=0,1,2,3,4,5"
I Bears Cotton Knit Full Sleeves Teddy Printed Night Suit With Cap & Mittens - Cream,331.5,390,323.7,"https://www.firstcry.com/i-bears/6/0/1005248?age=0,1,2,3,4,5"
I Bears Half Sleeves Onesies Floral Print Pack of 3 - Pink,604.8,720,590.4,"https://www.firstcry.com/i-bears/6/0/1005248?age=0,1,2,3,4,5"
I Bears Interlock Knit Full Sleeves Sleep Suits With Floral & Rainbow Print Pack Of 2 - Green & Pink,722.4,860,705.2,"https://www.firstcry.com/i-bears/6/0/1005248?age=0,1,2,3,4,5"
I Bears Interlock Half Sleeves Onesies Boats & Trucks Print Pack of 3 - Multicolor,619.2,720,604.8,"https://www.firstcry.com/i-bears/6/0/1005248?age=0,1,2,3,4,5"
I Bears Interlock Full Sleeves Night Suit With Cap Text Print - Peach,277.5,375,270.0,"https://www.firstcry.com/i-bears/6/0/1005248?age=0,1,2,3,4,5"
I Bears  Interlock Knit Half Sleeves Onesies with Striped & Toys Print Pack of 3 - Multicolour,619.2,720,604.8,"https://www.firstcry.com/i-bears/6/0/1005248?age=0,1,2,3,4,5"
I Bears Half Sleeves Romper Animal Print Pack of 3 - Red,782.1,990,762.3,"https://www.firstcry.com/i-bears/6/0/1005248?age=0,1,2,3,4,5"
I Bears Interlock Half Sleeves Leopard Printed Onesies Pack of 3 - Multicolour,619.2,720,604.8,"https://www.firstcry.com/i-bears/6/0/1005248?age=0,1,2,3,4,5"
I Bears Interlock Cotton Half Sleeves Onesies Dino Print Pack of 3 - Pink & White,604.8,720,590.4,"https://www.firstcry.com/i-bears/6/0/1005248?age=0,1,2,3,4,5"
I Bears Interlock Knit Full Sleeves Teddy Printed Night Suit With Cap & Pair Of Mittens - White,327.6,390,319.8,"https://www.firstcry.com/i-bears/6/0/1005248?age=0,1,2,3,4,5"
IBears Interlock Knit Half Sleeves Onesies With Duck & Vehicle Print Pack of 3 - Pink Purple & Green,604.8,720,590.4,"https://www.firstcry.com/i-bears/6/0/1005248?age=0,1,2,3,4,5"
I Bears Interlock Knit Full Sleeves Animal Printed Night Suit With Cap & Mittens - White,339.3,390,331.5,"https://www.firstcry.com/i-bears/6/0/1005248?age=0,1,2,3,4,5"
I Bears Interlock Knit Full Sleeves Footed Sleep Suits with Floral Print Pack of 3 - Pink Light Blue & White,1159.2,1380,1131.6,"https://www.firstcry.com/i-bears/6/0/1005248?age=0,1,2,3,4,5"
I Bears Cotton Knit Full Sleeves Romper with Cap and Mittens Striped - Pink,462.0,550,451.0,"https://www.firstcry.com/i-bears/6/0/1005248?age=0,1,2,3,4,5"
I bears Interlock Knit Full Sleeves Striped Sleep Suit with Mittens & Cap - Light Pink,473.0,550,462.0,"https://www.firstcry.com/i-bears/6/0/1005248?age=0,1,2,3,4,5"
I Bears Cotton Knit Full Sleeves Night Suit with Text Print - Beige,313.2,435,304.5,"https://www.firstcry.com/i-bears/6/0/1005248?age=0,1,2,3,4,5"
Pehanaava Silk Sleeveless Sequin Hand Embroidered Ethnic Waistcoat - Black,999.5,1999,999.5,"https://www.firstcry.com/pehanaava/6/0/1007048?age=6,7,8,9,10,11"
Pehanaava Full Sleeves Solid Kurta & Pajama Set - White,999.5,1999,999.5,"https://www.firstcry.com/pehanaava/6/0/1007048?age=6,7,8,9,10,11"
Pehanaava Cotton Three Fourth Sleeves Lace Embellished Kurta & Pant Set - Royal Gold,989.67,2999,989.67,"https://www.firstcry.com/pehanaava/6/0/1007048?age=6,7,8,9,10,11"
Pehanaava Full Sleeves Thread Work Embroidered Kurta Pyjama - White,989.67,2999,989.67,"https://www.firstcry.com/pehanaava/6/0/1007048?age=6,7,8,9,10,11"
Pehanaava Full Sleeve Solid Kurta With Pyjama - Golden,899.5,1799,899.5,"https://www.firstcry.com/pehanaava/6/0/1007048?age=6,7,8,9,10,11"
Pehanaava Brocade Full Sleeves  Damask Foil Printed Sherwani With Dhoti Set - Red,1399.5,2799,1399.5,"https://www.firstcry.com/pehanaava/6/0/1007048?age=6,7,8,9,10,11"
Pehanaava Cotton Blend Full Sleeves Placket Lace Embellished Kurta - Cream,683.43,1199,659.45,"https://www.firstcry.com/pehanaava/6/0/1007048?age=6,7,8,9,10,11"
Pehanaava Cotton Blend Full Sleeves Placket Lace Embellished Kurta - White,683.43,1199,659.45,"https://www.firstcry.com/pehanaava/6/0/1007048?age=6,7,8,9,10,11"
Pehanaava Full Sleeves Hand Embroidered Waistcoat With Kurta & Pajama - Maroon,2199.5,4399,2199.5,"https://www.firstcry.com/pehanaava/6/0/1007048?age=6,7,8,9,10,11"
Pehanaava  Full Sleeve Floral Design Sequins Hand Embroidered   Kurta & Pyjama Set -  Wine Maroon,2199.5,4399,2199.5,"https://www.firstcry.com/pehanaava/6/0/1007048?age=6,7,8,9,10,11"
Pehanaava Sleeveless Designer Silk Blend Nehru Jacket - Grey,832.5,1665,832.5,"https://www.firstcry.com/pehanaava/6/0/1007048?age=6,7,8,9,10,11"
Pehanaava Sleeveless All Over Woven Design Detailed Nehru Jacket - Dark Grey,832.5,1665,832.5,"https://www.firstcry.com/pehanaava/6/0/1007048?age=6,7,8,9,10,11"
Pehanaava Sleeveless All Over Woven Design Detailed Nehru Jacket - Yellow,832.5,1665,832.5,"https://www.firstcry.com/pehanaava/6/0/1007048?age=6,7,8,9,10,11"
Pehanaava Full Sleeve Solid Kurta With Pyjama - Rose Golden,899.5,1799,899.5,"https://www.firstcry.com/pehanaava/6/0/1007048?age=6,7,8,9,10,11"
Pehanaava Full Sleeves Ethnic Leaves Printed Kurta And Pyjama - Green,999.5,1999,999.5,"https://www.firstcry.com/pehanaava/6/0/1007048?age=6,7,8,9,10,11"
Pehanaava Full Sleeves Solid Silk Blend Kurta And Pajama Set - Black,999.5,1999,999.5,"https://www.firstcry.com/pehanaava/6/0/1007048?age=6,7,8,9,10,11"
Pehanaava Cotton Full Sleeves Damask Embroidered Kurta Pyjama Set - Sky Blue,1199.5,2399,1199.5,"https://www.firstcry.com/pehanaava/6/0/1007048?age=6,7,8,9,10,11"
Pehanaava Full Sleeves Solid Coordinating Kurta & Pyjama Set - Rose Gold,1049.5,2099,1049.5,"https://www.firstcry.com/pehanaava/6/0/1007048?age=6,7,8,9,10,11"
Pehanaava Cotton Full Sleeves Chikan Kari Embroidered Kurta Pyjama Set - White,1367.43,2399,1319.45,"https://www.firstcry.com/pehanaava/6/0/1007048?age=6,7,8,9,10,11"
Pehanaava Cotton Full Sleeves Textured Kurta Pyjama Set - Orange,1039.48,1999,999.5,"https://www.firstcry.com/pehanaava/6/0/1007048?age=6,7,8,9,10,11"
PALM TREE Half Sleeves Abstract Printed Shirt - Blue,679.32,999,679.32,https://www.firstcry.com/shirts/6/220/702
PALM TREE Full Sleeves Abstract Printed Shirt - Green,951.32,1399,951.32,https://www.firstcry.com/shirts/6/220/702
PALM TREE Cotton Full Sleeves Abstract Printed Shirt - Yellow,535.33,799,535.33,https://www.firstcry.com/shirts/6/220/702
PALM TREE Full Sleeves Solid Denim Shirt - Navy Blue,815.32,1199,815.32,https://www.firstcry.com/shirts/6/220/702
PALM TREE Full Sleeves Robot Printed Shirt - White,951.32,1399,951.32,https://www.firstcry.com/shirts/6/220/702
PALM TREE Cotton Full Sleeves Checked Shirt - Pink,863.28,1199,839.3,https://www.firstcry.com/shirts/6/220/702
PALM TREE Half Sleeves Abstract Printed Shirt - White,803.33,1199,803.33,https://www.firstcry.com/shirts/6/220/702
PALM TREE Full Sleeves Text Embroidered  Denim Shirt - Blue,1019.32,1499,1019.32,https://www.firstcry.com/shirts/6/220/702
PALM TREE Cotton Full Sleeves Abstract Printed Shirt - Black,719.28,999,699.3,https://www.firstcry.com/shirts/6/220/702
PALM TREE Cotton Full Sleeves Checked Shirt - Blue,935.28,1299,909.3,https://www.firstcry.com/shirts/6/220/702
PALM TREE Full Sleeves Checked Shirt - Green,951.32,1399,951.32,https://www.firstcry.com/shirts/6/220/702
PALM TREE Cotton  Full Sleeves Abstract Printed Shirt - Off White,937.33,1399,937.33,https://www.firstcry.com/shirts/6/220/702
Kookie Kids Full Raglan Sleeves Winter T-Shirt With Dino Print & Pocket - Light Blue,964.89,1359,937.71,"https://www.firstcry.com/kookie-kids/6/0/1005206?age=0,1,2,3,4,5"
Kookie Kids Full Sleeves Winter Wear Romper With Elephant Embroidery & Cap - Sky Blue,737.69,1039,716.91,"https://www.firstcry.com/kookie-kids/6/0/1005206?age=0,1,2,3,4,5"
Kookie Kids Full Sleeves Night Suit with Bunny  Embroidery - Navy Blue,828.99,1359,801.81,"https://www.firstcry.com/kookie-kids/6/0/1005206?age=0,1,2,3,4,5"
Kookie Kids Full Sleeves Sweatshirt Polka Dot Print - Pink,375.53,799,359.55,"https://www.firstcry.com/kookie-kids/6/0/1005206?age=0,1,2,3,4,5"
Kookie Kids Half Sleeves Checkered Romper - Brown,696.13,1039,696.13,"https://www.firstcry.com/kookie-kids/6/0/1005206?age=0,1,2,3,4,5"
Kookie Kids Half Sleeves Two Piece Swimsuit with Cap Text Print -  Black,624.5,1249,599.52,"https://www.firstcry.com/kookie-kids/6/0/1005206?age=0,1,2,3,4,5"
Kookie Kids Full Sleeves Hooded Padded Winter Jacket with Ear Applique - Cream,747.45,1359,720.27,"https://www.firstcry.com/kookie-kids/6/0/1005206?age=0,1,2,3,4,5"
Kookie Kids Full Sleeves Winter Wear T-Shirt & Jeans Set With Dino Print & Applique - Green,1367.28,1899,1329.3,"https://www.firstcry.com/kookie-kids/6/0/1005206?age=0,1,2,3,4,5"
Kookie Kids Half Sleeves Cotton Shirt & Shorts Set With Animal Print - Light Green & Khaki,743.59,1219,719.21,"https://www.firstcry.com/kookie-kids/6/0/1005206?age=0,1,2,3,4,5"
Kookie Kids Half Sleeves Cotton Shirt & Shorts With Dino Print & Bow Applique - White & Red,951.75,1269,926.37,"https://www.firstcry.com/kookie-kids/6/0/1005206?age=0,1,2,3,4,5"
Kookie Kids Full Sleeves Hooded Padded Winter Jacket with Ear Applique - Dark Peach,978.48,1359,951.3,"https://www.firstcry.com/kookie-kids/6/0/1005206?age=0,1,2,3,4,5"
Kookie Kids Half Sleeves Frock  Swimsuit with Heart & Star  Print -  Multicolor,829.99,1169,806.61,"https://www.firstcry.com/kookie-kids/6/0/1005206?age=0,1,2,3,4,5"
Kookie Kids Full Sleeves Padded Hooded Jacket with Pockets - Navy Blue,1809.67,2479,1760.09,"https://www.firstcry.com/kookie-kids/6/0/1005206?age=0,1,2,3,4,5"
Kookie Kids Full Sleeves Hooded Padded Jacket - Multicolour,881.37,1399,853.39,"https://www.firstcry.com/kookie-kids/6/0/1005206?age=0,1,2,3,4,5"
Kookie Kids Full Length Denim Jeans With Text Print - Light Blue,613.08,1179,589.5,"https://www.firstcry.com/kookie-kids/6/0/1005206?age=0,1,2,3,4,5"
Kookie Kids Denim Full Length Solid Jeans Text Print- Blue,548.39,899,530.41,"https://www.firstcry.com/kookie-kids/6/0/1005206?age=0,1,2,3,4,5"
Kookie Kids Full Sleeves Hooded Sweat Jacket With Tiger Print - Orange,1092.69,1539,1061.91,"https://www.firstcry.com/kookie-kids/6/0/1005206?age=0,1,2,3,4,5"
Kookie Kids Full Sleeves Cut & Sew Sweatshirt With Graphics & Pocket Detailing - Multicolour,299.5,599,287.52,"https://www.firstcry.com/kookie-kids/6/0/1005206?age=0,1,2,3,4,5"
Kookie Kids Terry Knit Full Sleeves Winter Wear Set With Dino Print & Knee Patch Detailing - Light Blue,683.28,949,664.3,"https://www.firstcry.com/kookie-kids/6/0/1005206?age=0,1,2,3,4,5"
Kookie Kids Full Lengths Solid Colour Distressed Jeans with Pockets - Blue,500.94,1089,479.16,"https://www.firstcry.com/kookie-kids/6/0/1005206?age=0,1,2,3,4,5"
Ninos Dreams Half Sleeves Text Printed Night Suit  - Navy Blue,563.53,1199,563.53,"https://www.firstcry.com/ninos-dreams/6/0/1007017?age=6,7,8,9,10,11"
Ninos Dreams Half Sleeves Abstract Pattern Printed Cotton Night Suit - Green,563.53,1199,563.53,"https://www.firstcry.com/ninos-dreams/6/0/1007017?age=6,7,8,9,10,11"
Ninos Dreams Half Sleeves Unicorn  & Dream Text Printed Tee With  Short  Set  - Mauve Purple,563.53,1199,563.53,"https://www.firstcry.com/ninos-dreams/6/0/1007017?age=6,7,8,9,10,11"
Ninos Dreams Cotton Jersey Knit Half Sleeves Lets Play Text Printed Coordinating Night Suit Set - Black,645.62,1699,645.62,"https://www.firstcry.com/ninos-dreams/6/0/1007017?age=6,7,8,9,10,11"
Ninos Dreams 100% Cotton Half Sleeves Footballs Printed Coordinating Tee & Shorts Set - Blue,610.53,1299,610.53,"https://www.firstcry.com/ninos-dreams/6/0/1007017?age=6,7,8,9,10,11"
Ninos Dreams 100% Cotton Knit Half Sleeves Heart Printed Night Suit -Pink,683.64,1899,683.64,"https://www.firstcry.com/ninos-dreams/6/0/1007017?age=6,7,8,9,10,11"
Ninos Dreams Half Sleeves Unicorn Printed Night Suit  - Purple,599.5,1199,599.5,"https://www.firstcry.com/ninos-dreams/6/0/1007017?age=6,7,8,9,10,11"
Ninos Dreams Cotton Jersey Knit Half Sleeves Skateboard & Typography Printed Coordinating Night Suit Set - Multi Colour,645.62,1699,645.62,"https://www.firstcry.com/ninos-dreams/6/0/1007017?age=6,7,8,9,10,11"
Ninos Dreams Half Sleeves Aquatic Life Theme Sharks Printed Night Suit - Blue,599.5,1199,599.5,"https://www.firstcry.com/ninos-dreams/6/0/1007017?age=6,7,8,9,10,11"
Ninos Dreams Half Sleeves Abstract Printed Tee With Coordinating Shorts Set - Multi Colour & Green,563.53,1199,563.53,"https://www.firstcry.com/ninos-dreams/6/0/1007017?age=6,7,8,9,10,11"
Ninos Dreams Half Sleeves Galaxy Theme Printed Night Suit - Blue,599.5,1199,599.5,"https://www.firstcry.com/ninos-dreams/6/0/1007017?age=6,7,8,9,10,11"
Ninos Dreams Cotton Knit Half Sleeves Penguins Printed Coordinating Tee & Shorts Set - Pink,645.62,1699,645.62,"https://www.firstcry.com/ninos-dreams/6/0/1007017?age=6,7,8,9,10,11"
Ninos Dreams Cotton Jersey Knit Half Sleeves Skateboard & Mic Printed Coordinating Night Suit Set - Yellow,645.62,1699,645.62,"https://www.firstcry.com/ninos-dreams/6/0/1007017?age=6,7,8,9,10,11"
Ninos Dreams Half Sleeves Unicorn Printed Night Suit - Pink,635.47,1199,635.47,"https://www.firstcry.com/ninos-dreams/6/0/1007017?age=6,7,8,9,10,11"
Ninos Dreams Cotton Jersey Knit Half Sleeves Space Theme Printed Coordinating Night Suit Set - Blue,645.62,1699,645.62,"https://www.firstcry.com/ninos-dreams/6/0/1007017?age=6,7,8,9,10,11"
Ninos Dreams Cotton Knit Half Sleeves Unicorns Printed Coordinating Tee & Shorts Set - Pink,645.62,1699,645.62,"https://www.firstcry.com/ninos-dreams/6/0/1007017?age=6,7,8,9,10,11"
Ninos Dreams Cotton Jersey Half Sleeves Footballer Printed Co Ord Set  - Black,719.55,1599,719.55,"https://www.firstcry.com/ninos-dreams/6/0/1007017?age=6,7,8,9,10,11"
Ninos Dreams Cotton Knit Half Sleeves Unicorns Printed Coordinating Tee & Shorts Set - Mauve,645.62,1699,645.62,"https://www.firstcry.com/ninos-dreams/6/0/1007017?age=6,7,8,9,10,11"
Ninos Dreams Rayon Half Sleeves Abstract Printed Shirt With Coordinating Shorts Set - Multi Colour,721.62,1899,721.62,"https://www.firstcry.com/ninos-dreams/6/0/1007017?age=6,7,8,9,10,11"
Ninos Dreams Cotton Half Sleeves Unicorns Printed Coordinating Tee & Shorts Set - Wine,645.62,1699,645.62,"https://www.firstcry.com/ninos-dreams/6/0/1007017?age=6,7,8,9,10,11"
Rascal & Friends Diapers 28 pieces - Size 1 - Newborn,680.0,680,680.0,https://www.firstcry.com/rascal-friends/1/0/1009035
Babyhug Froggy Potty Seat - Green,616.55,1045,595.65,https://www.firstcry.com/diapering/1/0/0
"Huggies Complete Comfort Wonder Pants, India's Fastest Absorbing Diaper | XL Size, 112 Diapers",1246.39,2799,1190.41,https://www.firstcry.com/diapering/1/0/0
Babyhug 100% Cotton Muslin Nappy Set Extra Small Pack Of 12 - Multicolor,706.45,995,686.55,https://www.firstcry.com/diapering/1/0/0
Babyhug Advanced Everyday Protection Diaper Rash Cream - 100 g,245.0,2699,232.75,https://www.firstcry.com/diapering/1/0/0
Babyhug Multifunctional Diaper Backpack Bunny Print- Navy Blue,1673.38,800,1619.4,https://www.firstcry.com/diapering/1/0/0
Babyhug Premium Baby Wipes with Lid 80 Pieces - Pack of 5,344.0,2998,328.32,https://www.firstcry.com/diapering/1/0/0
"Pampers Premium Care Pants, Extra Large size baby diapers (XL), 72 Count, Softest ever Pampers pants",1612.02,145,1552.06,https://www.firstcry.com/diapering/1/0/0
Babyhug Advanced Everyday Protection Diaper Rash Cream - 50 g,94.25,2997,87.0,https://www.firstcry.com/diapering/1/0/0
R for Rabbit Caramello Smart Diaper Bag Multipurpose Mothers Stylish Travel Backpack USB Charging Slot for Newborn Baby - Grey & Black (Logo Colour May Vary),2355.94,2395,2296.0,https://www.firstcry.com/diapering/1/0/0
Rabbit Shaped Potty Chair With PU Cushion & Cleaning Brush - Pink & Blue,1389.1,749,1341.2,https://www.firstcry.com/diapering/1/0/0
"SuperBottoms BASIC Reusable Cloth Diaper for babies 0-3 Years | Freesize Adjustable, Washable| Shell with insert | Pack of 1",300.95,560,300.95,https://www.firstcry.com/diapering/1/0/0
Babyhug Advanced 99% Pure Water Unscented Baby Wipes Pack of 2 - 72 Pieces Each,268.8,245,257.6,https://www.firstcry.com/diapering/1/0/0
Baby Diaper Changing Waterproof Mat Animal Print With PVC Fabric -Sea Green,151.9,1295,147.0,https://www.firstcry.com/diapering/1/0/0
Babyhug Duckling Potty chair with Music - Blue,725.2,568,699.3,https://www.firstcry.com/diapering/1/0/0
Mother Sparsh Baby 99 % Pure Water (Unscented) Baby Wipes. Pack of 2 - 72 Pieces Super Saver Pack,369.2,1145,357.84,https://www.firstcry.com/diapering/1/0/0
Babyhug Muslin Cloth Nappy Set of 12 Extra Small - Multicolor Whale Print,744.25,2599,721.35,https://www.firstcry.com/diapering/1/0/0
MamyPoko Extra Absorb Pant Style Diaper Large Size- 128 Pieces,1435.95,2799,1383.97,https://www.firstcry.com/diapering/1/0/0
Babyhug Multipurpose Spacious Diaper Backpack Floral Print - Multicolor,1875.33,630,1819.35,https://www.firstcry.com/diapering/1/0/0
Allter Organic Bamboo Feet Print Taped Diapers For New Born - 34 Pieces(Pack of 3),2911.91,3297,2848.61,https://www.firstcry.com/combopacklist
Allter Organic Bamboo Explorer Print Taped Diapers For New Born - 34 Pieces(Pack of 3),2911.91,3297,2848.61,https://www.firstcry.com/combopacklist
Allter Organic Bamboo Feet Print Taped Diapers For Small Size - 32 Pieces(Pack of 3),2911.91,3297,2848.61,https://www.firstcry.com/combopacklist
Allter Organic Bamboo Explorer Print Taped Diapers For Small Size - 32 Pieces(Pack of 3),2911.91,3297,2848.61,https://www.firstcry.com/combopacklist
Allter Organic Bamboo Feet Print Taped Diapers For Medium Size - 28 Pieces(Pack of 3),2911.91,3297,2848.61,https://www.firstcry.com/combopacklist
Allter Organic Bamboo Explorer  Print Taped Diapers For Medium Size - 28 Pieces(Pack of 3),2911.91,3297,2848.61,https://www.firstcry.com/combopacklist
Allter Organic Bamboo Feet Print Taped Diapers For Large Size - 24 Pieces(Pack of 3),2911.91,3297,2848.61,https://www.firstcry.com/combopacklist
Allter Organic Bamboo Explorer  Print Taped Diapers For Large Size - 24 Pieces(Pack of 3),2911.91,3297,2848.61,https://www.firstcry.com/combopacklist
Allter Organic Bamboo Feet Print Taped Diapers For Size Extra Large - 22 Pieces(Pack of 3),2911.91,3297,2848.61,https://www.firstcry.com/combopacklist
Allter Organic Bamboo Explorer Print Taped Diapers For Extra Large Size - 22 Pieces(Pack of 3),2911.91,3297,2848.61,https://www.firstcry.com/combopacklist
Allter Organic Feet Print Bamboo Diaper Pants Large Size - 24 Pieces(Pack of 3),3309.35,3747,3237.41,https://www.firstcry.com/combopacklist
Allter Organic Bamboo Feet Print Taped Diapers For New Born - 34 Pieces(Pack of 2),1961.5,2198,1918.85,https://www.firstcry.com/combopacklist
Allter Organic Bamboo Explorer Print Taped Diapers For New Born - 34 Pieces(Pack of 2),1961.5,2198,1918.85,https://www.firstcry.com/combopacklist
Allter Organic Bamboo Feet Print Taped Diapers For Small Size - 32 Pieces(Pack of 2),1961.5,2198,1918.85,https://www.firstcry.com/combopacklist
Allter Organic Bamboo Explorer Print Taped Diapers For Small Size - 32 Pieces(Pack of 2),1961.5,2198,1918.85,https://www.firstcry.com/combopacklist
Allter Organic Bamboo Feet Print Taped Diapers For Medium Size - 28 Pieces(Pack of 2),1961.5,2198,1918.85,https://www.firstcry.com/combopacklist
Allter Organic Bamboo Explorer  Print Taped Diapers For Medium Size - 28 Pieces(Pack of 2),1961.5,2198,1918.85,https://www.firstcry.com/combopacklist
Allter Organic Bamboo Feet Print Taped Diapers For Large Size - 24 Pieces(Pack of 2),1961.5,2198,1918.85,https://www.firstcry.com/combopacklist
Allter Organic Bamboo Explorer  Print Taped Diapers For Large Size - 24 Pieces(Pack of 2),1961.5,2198,1918.85,https://www.firstcry.com/combopacklist
Allter Organic Bamboo Feet Print Taped Diapers For Size Extra Large - 22 Pieces(Pack of 2),1961.5,2198,1918.85,https://www.firstcry.com/combopacklist
