title,product_price,original_price,price_w_discount,url
5 Column Geometric Shape Sorter Stacking Puzzle | 26 Pieces,449,799,404.10,https://snooplay.in/products/5-column-geometric-shape-sorter-stacking-puzzle-26-pieces
Zoo Little Kid Backpack-Shark,"2,159","2,399","1,943.10",https://snooplay.in/products/zoo-little-kid-backpack-shark
Naturally Playful Picnic Table With Umbrella for Kids | COD Not Available,"26,999.10","29,999","24,299.19",https://snooplay.in/products/naturally-playful-picnic-table-with-umbrella-cod-not-available
Remote Controlled Bike A512 - 360 Degree Rotation & Moving Forward (5-10 Years),"2,550","3,100",,https://snooplay.in/products/remote-controlled-bike-a512-360-degree-rotation-moving-forward-5-10-years
Color Sorting Slide Puzzle Game for Kids | 4 Colour Sorter,649,"1,399",584.10,https://snooplay.in/products/slide-puzzle-brain-game-for-kids-4-colour-sorter
KRT 1.6 Toy Car (Pull Back Car) - Assorted Colours,299,346,,https://snooplay.in/products/krt-creta-toy-car-pull-back-centy-toy-for-kids
Wooden Domino Toy - 100 Pieces (3-7 Years),299,599,269.10,https://snooplay.in/products/wooden-domino-toy-100-pieces-3-6-years
Saina Doll - 3.2 feet (3-7 Years),"2,699.10","3,200","2,429.19",https://snooplay.in/products/saina-doll-3-2-feet-3-7-years
Sweet Cuddles Musical Cot Hanging Rattles (0-12 Months),"1,035","1,150",931.50,https://snooplay.in/products/sweet-cuddles-musical-cot-hanging-rattles-0-12-months
2 in 1 Fashion Set with Suitcase Trolley (3-5 Years),"1,349.10","1,499","1,214.19",https://snooplay.in/products/2-in-1-fashion-set-with-suitcase-trolley-3-5-years
Squeezy Squeaky Baby Toy with Milk Bottle (6 Months - 2 Years),216,240,194.40,https://snooplay.in/products/squeezy-squeaky-baby-toy-with-milk-bottle-9-months-2-years
Little Doctor Set Suitcase Trolley (3-5 Years),"1,349.10","1,499","1,214.19",https://snooplay.in/products/little-doctor-set-suitcase-trolley-3-5-years
Tool Set Suitcase Trolley Play Set (3-8 Years),"MRP: 1,349.10",,"1,214.19",https://snooplay.in/products/tool-set-suitcase-trolley-play-set-3-8-years
Medical Centre Suitcase - Doctor Pretend Play Set (3-7 Years),449.10,499,404.19,https://snooplay.in/products/medical-centre-suitcase-doctor-pretend-play-set-3-7-years
Set of 6 Household Play Set (3-7 Years) | Assorted Design,"1,575","1,750","1,417.50",https://snooplay.in/products/set-of-6-household-play-set-3-7-years-assorted-design
Light House Tent with LED Light (1-7 Years),"1,590","2,150","1,431",https://snooplay.in/products/light-house-tent-with-led-light-1-7-years
Wooden Domino Toy - 100 Pieces (3-7 Years),299,599,269.10,https://snooplay.in/products/wooden-domino-toy-100-pieces-3-6-years#MainContent
Squeezy Squeaky Baby Toy with Milk Bottle (6 Months - 2 Years),216,240,194.40,https://snooplay.in/products/squeezy-squeaky-baby-toy-with-milk-bottle-9-months-2-years#MainContent
Sweet Cuddles Musical Cot Hanging Rattles (0-12 Months),"1,035","1,150",931.50,https://snooplay.in/products/sweet-cuddles-musical-cot-hanging-rattles-0-12-months#MainContent
2 in 1 Fashion Set with Suitcase Trolley (3-5 Years),"1,349.10","1,499","1,214.19",https://snooplay.in/products/2-in-1-fashion-set-with-suitcase-trolley-3-5-years#MainContent
Saina Doll - 3.2 feet (3-7 Years),"2,699.10","3,200","2,429.19",https://snooplay.in/products/saina-doll-3-2-feet-3-7-years#MainContent
Remote Controlled Bike A512 - 360 Degree Rotation & Moving Forward (5-10 Years),"2,550","3,100",,https://snooplay.in/products/remote-controlled-bike-a512-360-degree-rotation-moving-forward-5-10-years#MainContent
Global Play Tent House with Wheels (1-7 Years),832.50,"1,125",749.25,https://snooplay.in/products/global-play-tent-house-with-wheels-1-7-years
Set of 6 Household Play Set (3-7 Years) | Assorted Design,"1,575","1,750","1,417.50",https://snooplay.in/products/set-of-6-household-play-set-3-7-years-assorted-design#MainContent
Light House Tent with LED Light (1-7 Years),"1,590","2,150","1,431",https://snooplay.in/products/light-house-tent-with-led-light-1-7-years#MainContent
Global Play Tent House with Wheels (1-7 Years),832.50,"1,125",749.25,https://snooplay.in/products/global-play-tent-house-with-wheels-1-7-years#MainContent
Medical Centre Suitcase - Doctor Pretend Play Set (3-7 Years),449.10,499,404.19,https://snooplay.in/products/medical-centre-suitcase-doctor-pretend-play-set-3-7-years#MainContent
"Electronic Steering Wheel - Forward, Reverse, Parking (Sound & Light) - Assorted Colors (3-8 Years)","1,485","2,800",,https://snooplay.in/products/electronic-steering-wheel-forward-reverse-parking-sound-light-assorted-colors-3-8-years
ATM Money Machine School Bag with Finger Print Sensor | Assorted Design (3-8 Years),"1,250","2,100",,https://snooplay.in/products/atm-money-machine-school-bag-with-finger-print-sensor-assorted-design-3-8-years
Remote Controlled Resembling Defender Toy Car | 1:16 Scale (5-12 Years) | Assorted Colors,"1,399","1,499",,https://snooplay.in/products/remote-controlled-resembling-defender-toy-car-1-16-scale-5-12-years-assorted-colors
Beyblade Toy Table Top Game,719.10,"1,050",647.19,https://snooplay.in/products/beyblade-toy-table-top
Tool Set Suitcase Trolley Play Set (3-8 Years),"MRP: 1,349.10",,"1,214.19",https://snooplay.in/products/tool-set-suitcase-trolley-play-set-3-8-years#MainContent
Little Doctor Set Suitcase Trolley (3-5 Years),"1,349.10","1,499","1,214.19",https://snooplay.in/products/little-doctor-set-suitcase-trolley-3-5-years#MainContent
Nippon Cricket Set with Bag (1.5-3 Years),155,360,139.50,https://snooplay.in/products/nippon-cricket-set-with-bag-1-5-3-years
"Football with Air Pump & Pin - Size 1 Mini, 12 Panel, PVC,  Red Animals Learning",349,599,314.10,https://snooplay.in/products/football-with-air-pump-pin-size-1-mini-12-panel-pvc-red-animals-learning
Flexible Swing Seat with Metal Triangle Hook with 2 Meters Chain Set - Blue (3-10 Years),"3,499","6,999","3,149.10",https://snooplay.in/products/flexible-swing-seat-with-metal-triangle-hook-with-2-meters-chain-set-blue-3-10-years
Tokri Tricycle with two point safety belts | 3+ Years,"1,275","2,499",,https://snooplay.in/products/maanit-tricycle-tokri-tricycle-tokri-tricycle-blue-black
Small Bowling Set Box (3-10 Years),399,499,359.10,https://snooplay.in/products/small-bowling-set-box-3-10-years
ATM Money Machine School Bag with Finger Print Sensor | Assorted Design (3-8 Years),"1,250","2,100",,https://snooplay.in/products/atm-money-machine-school-bag-with-finger-print-sensor-assorted-design-3-8-years#MainContent
Nippon Cricket Set with Bag (1.5-3 Years),155,360,139.50,https://snooplay.in/products/nippon-cricket-set-with-bag-1-5-3-years#MainContent
"Electronic Steering Wheel - Forward, Reverse, Parking (Sound & Light) - Assorted Colors (3-8 Years)","1,485","2,800",,https://snooplay.in/products/electronic-steering-wheel-forward-reverse-parking-sound-light-assorted-colors-3-8-years#MainContent
Small Bowling Set Box (3-10 Years),399,499,359.10,https://snooplay.in/products/small-bowling-set-box-3-10-years#MainContent
Flexible Swing Seat with Metal Triangle Hook with 2 Meters Chain Set - Blue (3-10 Years),"3,499","6,999","3,149.10",https://snooplay.in/products/flexible-swing-seat-with-metal-triangle-hook-with-2-meters-chain-set-blue-3-10-years#MainContent
Remote Controlled Resembling Defender Toy Car | 1:16 Scale (5-12 Years) | Assorted Colors,"1,399","1,499",,https://snooplay.in/products/remote-controlled-resembling-defender-toy-car-1-16-scale-5-12-years-assorted-colors#MainContent
Set of 18 Climbing Wall Holds - Multicolor (5 Years till Grown Ups),"3,899","7,999","3,509.10",https://snooplay.in/products/set-of-18-climbing-wall-holds-multicolor-5-years-till-grown-ups
Air Hockey Set - Play Anywhere (6 Years till Grown Ups),629.10,699,566.19,https://snooplay.in/products/air-hockey-set-play-anywhere-6-years-till-grown-ups
"Electronic Basketball Game Set (Score Board, Moving Basket & More)","2,599","3,500",,https://snooplay.in/products/electronic-basketball-game-set-score-board-moving-basket-more
Haunted House Craft (DIY Cookie Decorating Set) | COD Not Available,MRP: 399.00,,359.10,https://snooplay.in/products/haunted-house-craft-diy-cookie-decorating-set
Air Dry Clay Creatures (Set 2) - GG,379,399,341.10,https://snooplay.in/products/air-dry-clay-creatures-set-2-ekta
Dino Soap Kit (6-8 Years),299,399,269.10,https://snooplay.in/products/dino-soap-kit-6-8-years
12 Colors Air Dry Magic Clay with Sculpting Tools - Pack of 12 (2-8 Years),215,499,193.50,https://snooplay.in/products/12-colors-air-dry-magic-clay-with-sculpting-tools-pack-of-12-2-8-years
DIY Kit: Create Your Own Colorful Rope Bracelets (6-10 Years),"1,399","1,850","1,259.10",https://snooplay.in/products/diy-kit-create-your-own-colorful-rope-bracelets-6-10-years
Spirograph Game (Create Unlimited Designs) - Art & Craft Kit (8-16 Years),668,890,601.20,https://snooplay.in/products/spirograph-game-create-unlimited-designs-art-craft-kit-8-16-years
Fizzy Chemistry Kit (6-11 Years),999,"1,499",899.10,https://snooplay.in/products/fizzy-chemistry-kit-6-11-years
Set of 18 Climbing Wall Holds - Multicolor (5 Years till Grown Ups),"3,899","7,999","3,509.10",https://snooplay.in/products/set-of-18-climbing-wall-holds-multicolor-5-years-till-grown-ups#MainContent
Air Hockey Set - Play Anywhere (6 Years till Grown Ups),629.10,699,566.19,https://snooplay.in/products/air-hockey-set-play-anywhere-6-years-till-grown-ups#MainContent
Hand & Feet Twister Jumping Hopscotch Play Mat (2-10 Years),474.05,"1,499",426.65,https://snooplay.in/products/hand-feet-twister-jumping-hopscotch-play-mat-2-10-years
DIY Kit: Create Your Own Colorful Rope Bracelets (6-10 Years),"1,399","1,850","1,259.10",https://snooplay.in/products/diy-kit-create-your-own-colorful-rope-bracelets-6-10-years#MainContent
Hand & Feet Twister Jumping Hopscotch Play Mat (2-10 Years),474.05,"1,499",426.65,https://snooplay.in/products/hand-feet-twister-jumping-hopscotch-play-mat-2-10-years#MainContent
Spirograph Game (Create Unlimited Designs) - Art & Craft Kit (8-16 Years),668,890,601.20,https://snooplay.in/products/spirograph-game-create-unlimited-designs-art-craft-kit-8-16-years#MainContent
Fizzy Chemistry Kit (6-11 Years),999,"1,499",899.10,https://snooplay.in/products/fizzy-chemistry-kit-6-11-years#MainContent
12 Colors Air Dry Magic Clay with Sculpting Tools - Pack of 12 (2-8 Years),215,499,193.50,https://snooplay.in/products/12-colors-air-dry-magic-clay-with-sculpting-tools-pack-of-12-2-8-years#MainContent
Dino Soap Kit (6-8 Years),299,399,269.10,https://snooplay.in/products/dino-soap-kit-6-8-years#MainContent
Nippon Cricket Ball Synthetic - Blister Packing (12 Years - Grown Ups),265,449,238.50,https://snooplay.in/products/synthetic-ball-blister
Monopoly Deal Card Game - Indian States | Hindi Version (6 Years till Grown Ups),269.10,299,,https://snooplay.in/products/monopoly-deal-card-game-indian-states-hindi-version-6-years-till-grown-ups
Resembling Red BRABUS G700 New Diecast Car | 1:32 Scale (3 Years till Grown Ups),"1,399","2,999","1,259.10",https://snooplay.in/products/resembling-red-brabus-g700-new-diecast-car-1-32-scale-3-years-till-grown-ups
Shield Blaster Shots Projectile Launcher with 6 Darts (8 Years till Grown Ups),"1,862.19","3,000","1,675.98",https://snooplay.in/products/shield-blaster-shots-projectile-launcher-with-6-darts-8-years-till-grown-ups
Ludo Game (Travel Edition) - Mini Board Game (4 Years till Grown Ups),224.10,249,201.69,https://snooplay.in/products/ludo-game-travel-edition-mini-board-game-4-years-till-grown-ups
Original Skip Bo Card Game (7 Years till Grown Ups),299,599,,https://snooplay.in/products/original-skip-bo-card-game-7-years-till-grown-ups-1
Resembling Lamborghini LP770ss Diecast Car | 1:32 Scale (3 Years till Grown Ups),"1,199","2,999","1,079.10",https://snooplay.in/products/resembling-lamborghini-lp770ss-diecast-car-1-32-scale-3-years-till-grown-ups
Spiderman Web Shooter (Web Shoot Launcher),466,"1,000",419.40,https://snooplay.in/products/spiderman-web-shooter-web-shoot-launcher
Battery Operated Simulated Washing Machine with Rotating Drum (3-7 Years),"1,840","3,500",,https://snooplay.in/products/battery-operated-simulated-washing-machine-with-rotating-drum-3-7-years
Magical Water Painting Set (5-7 Years),399,"1,119",359.10,https://snooplay.in/products/magical-water-painting-set-5-7-years
Monopoly Deal Card Game - Indian States | Hindi Version (6 Years till Grown Ups),269.10,299,,https://snooplay.in/products/monopoly-deal-card-game-indian-states-hindi-version-6-years-till-grown-ups#MainContent
DIY Jelly Mix (Strawberry) with Unicorn Mould,320,349,288,https://snooplay.in/products/whip-up-magic-diy-strawberry-jelly-mix-with-unicorn-mould-gifting-combo
"""My First Christmas Book""Cloth Book (English Educational Book)",499,599,449.10,https://snooplay.in/products/my-first-christmas-bookcloth-book-english
Christmas Puzzle - Dark Red,399,599,359.10,https://snooplay.in/products/christmas-puzzle-dark-red
Christmas Puzzle - Light Red,399,599,359.10,https://snooplay.in/products/christmas-puzzle-light-red
Christmas Craft Kit (4-8 Years),599,699,539.10,https://snooplay.in/products/christmas-craft-kit-4-8-years
A Christmas Morning - Festivals Puzzle,MRP: 899.00,,809.10,https://snooplay.in/products/a-christmas-morning-festivals-puzzle
"Christmas Cheer Craft Activity Box, Wonderful Mix of 6 Craft Activities to Celebrate Christmas Festival, DIY Hobby Craft Kit for Kids and Adults","MRP: 1,299.00",,"1,169.10",https://snooplay.in/products/kalakaram-christmas-cheer-craft-activity-box-wonderful-mix-of-6-craft-activities-to-celebrate-christmas-festival-diy-hobby-craft-kit-for-kids-and-adults-christmas-gift-for-girls-and-boys
Pendulum - STEM Educational DIY Wooden Puzzle (12-17 Years),"1,500","1,650","1,350",https://snooplay.in/products/pendulum-stem-educational-diy-wooden-puzzle-12-17-years
Wooden Blocks & Puzzles Game (1-2 Years),MRP: 949.00,,854.10,https://snooplay.in/products/wooden-blocks-puzzles-game-1-2-years
DIY Robotics & AI Kit – STEM Projects with Modular Electronics (8-14 Years),"3,499","4,000","3,149.10",https://snooplay.in/products/diy-robotics-ai-kit-stem-projects-with-modular-electronics-8-14-years
5 in 1 Ambulance Set For Kids (Toy Cars Playset),629.10,699,566.19,https://snooplay.in/products/5-in-1-ambulance-set-toy-cars-vehicles-set-for-kids
5 in 1 Craft Kit For Kids - Art & Craft (5-10 Years),525,700,472.50,https://snooplay.in/products/5-in-1-craft-kit-for-kids-art-craft-5-10-years
Honda CBR 1000RR 1:18 Scale Diecast Bike Model,715.50,795,643.95,https://snooplay.in/products/honda-cbr-1000rr-1-18-scale-diecast-bike-toy-model
"Unicorn Stationery, Cosmetic & Gadget Organiser",MRP: 539.10,,485.19,https://snooplay.in/products/unicorn-3d-stationery-gadget-cosmetic-electronics-organiser
Ducati Diavel Carbon (1:18 Scale) Diecast Bike Model,MRP: 795.00,,,https://snooplay.in/products/ducati-diavel-1-12-scale-diecast-bike-model
4-in-1 Wonders of India Jumbo Jigsaw Puzzle - 4 x 99 Pieces (5-6 Years),299,330,269.10,https://snooplay.in/products/4-in-1-wonders-of-india-jumbo-jigsaw-puzzle-4-x-99-pieces-5-6-years
SUV Diecast Car (3221) resembling Hummer (1:32 Scale) - Assorted Colours,450,525,405,https://snooplay.in/products/hummer-die-cast-car-miniature-model-toy
Archery Set with Glowing Sword & Suction Arrows (4-8 Years),515,599,463.50,https://snooplay.in/products/archery-set-with-glowing-sword-suction-arrows-4-8-years
UNO Cricket Card Game (7 Years till Grown Ups),MRP: 199.00,,,https://snooplay.in/products/uno-cricket-card-game-7-years-till-grown-ups
Fluffy Coral Soft Toy (6 Months - 7 Years) | Yellow,MRP: 549.00,,494.10,https://snooplay.in/products/fluffy-coral-soft-toy-6-months-7-years-yellow
Building Blocks Toys for Kids | Educational and Learning Puzzle | 120 Pcs (Multicolor),259,599,233.10,https://snooplay.in/products/building-blocks-toys-for-kids-educational-and-learning-puzzle-120-pcs-multicolor
UNO 2010 Card Game (7 Years till Grown Ups),MRP: 249.00,,,https://snooplay.in/products/uno-2010-card-game-7-years-till-grown-ups
UNO Cricket Card Game (7 Years till Grown Ups),MRP: 199.00,,,https://snooplay.in/products/uno-cricket-card-game-7-years-till-grown-ups#MainContent
UNO 2010 Card Game (7 Years till Grown Ups),MRP: 249.00,,,https://snooplay.in/products/uno-2010-card-game-7-years-till-grown-ups#MainContent
Fluffy Coral Soft Toy (6 Months - 7 Years) | Yellow,MRP: 549.00,,494.10,https://snooplay.in/products/fluffy-coral-soft-toy-6-months-7-years-yellow#MainContent
Archery Set with Glowing Sword & Suction Arrows (4-8 Years),515,599,463.50,https://snooplay.in/products/archery-set-with-glowing-sword-suction-arrows-4-8-years#MainContent
4-in-1 Wonders of India Jumbo Jigsaw Puzzle - 4 x 99 Pieces (5-6 Years),299,330,269.10,https://snooplay.in/products/4-in-1-wonders-of-india-jumbo-jigsaw-puzzle-4-x-99-pieces-5-6-years#MainContent
5 in 1 Craft Kit For Kids - Art & Craft (5-10 Years),525,700,472.50,https://snooplay.in/products/5-in-1-craft-kit-for-kids-art-craft-5-10-years#MainContent
Wooden Blocks & Puzzles Game (1-2 Years),MRP: 949.00,,854.10,https://snooplay.in/products/wooden-blocks-puzzles-game-1-2-years#MainContent
Christmas Craft Kit (4-8 Years),599,699,539.10,https://snooplay.in/products/christmas-craft-kit-4-8-years#MainContent
Pendulum - STEM Educational DIY Wooden Puzzle (12-17 Years),"1,500","1,650","1,350",https://snooplay.in/products/pendulum-stem-educational-diy-wooden-puzzle-12-17-years#MainContent
DIY Robotics & AI Kit – STEM Projects with Modular Electronics (8-14 Years),"3,499","4,000","3,149.10",https://snooplay.in/products/diy-robotics-ai-kit-stem-projects-with-modular-electronics-8-14-years#MainContent
Magical Water Painting Set (5-7 Years),399,"1,119",359.10,https://snooplay.in/products/magical-water-painting-set-5-7-years#MainContent
Battery Operated Simulated Washing Machine with Rotating Drum (3-7 Years),"1,840","3,500",,https://snooplay.in/products/battery-operated-simulated-washing-machine-with-rotating-drum-3-7-years#MainContent
Resembling Lamborghini LP770ss Diecast Car | 1:32 Scale (3 Years till Grown Ups),"1,199","2,999","1,079.10",https://snooplay.in/products/resembling-lamborghini-lp770ss-diecast-car-1-32-scale-3-years-till-grown-ups#MainContent
Shield Blaster Shots Projectile Launcher with 6 Darts (8 Years till Grown Ups),"1,862.19","3,000","1,675.98",https://snooplay.in/products/shield-blaster-shots-projectile-launcher-with-6-darts-8-years-till-grown-ups#MainContent
Original Skip Bo Card Game (7 Years till Grown Ups),299,599,,https://snooplay.in/products/original-skip-bo-card-game-7-years-till-grown-ups-1#MainContent
Ludo Game (Travel Edition) - Mini Board Game (4 Years till Grown Ups),224.10,249,201.69,https://snooplay.in/products/ludo-game-travel-edition-mini-board-game-4-years-till-grown-ups#MainContent
Resembling Red BRABUS G700 New Diecast Car | 1:32 Scale (3 Years till Grown Ups),"1,399","2,999","1,259.10",https://snooplay.in/products/resembling-red-brabus-g700-new-diecast-car-1-32-scale-3-years-till-grown-ups#MainContent
Original Volkswagen Beetle Licensed Diecast Car with Openable Doors | 1:24 Scale Model (14 Years Till Grown Ups),"MRP: 2,295.00",,,https://snooplay.in/products/original-volkswagen-beetle-licensed-diecast-car-with-openable-doors-1-24-scale-model-14-years-till-grown-ups
Original Land Rover Series II Licensed Diecast Car with Openable Doors | 1:24 Scale Model (14 Years Till Grown Ups),"MRP: 2,295.00",,,https://snooplay.in/products/original-land-rover-series-ii-licensed-diecast-car-with-openable-doors-1-24-scale-model-14-years-till-grown-ups
Original Mercedes-Benz 300 SL (1954) Licensed Diecast Car with Openable Doors | 1:24 Scale Model (14 Years Till Grown Ups),"MRP: 2,295.00",,,https://snooplay.in/products/original-mercedes-benz-300-sl-1954-licensed-diecast-car-with-openable-doors-1-24-scale-model-14-years-till-grown-ups
Original Jawa Yezdi Classic Licensed Diecast Bike | 1:18 Scale Model (14 Years Till Grown Ups),"1,099","1,299",,https://snooplay.in/products/original-jawa-yezdi-classic-licensed-diecast-bike-1-18-scale-model-14-years-till-grown-ups
